gadget_id,device_type,brand,release_date,screen_size_inches,ram_gb,storage_gb,battery_mah,weight_grams,build_quality,os,has_5g,rating,reviews_count,warranty_months,price_usd
GDG-00001,Smartphone,OnePlus,2024-08-02,5.9,8,256,5018,182.0,Budget,Android,0,3.8,752,12,362.66
GDG-00002,Smartphone,Xiaomi,2025-02-17,5.9,16,256,5016,231.4,Budget,Android,0,3.6,258,12,524.77
GDG-00003,Laptop,Asus,2023-05-15,13.4,16,512,4883,1428.0,Budget,Windows,0,3.7,1171,12,957.95
GDG-00004,Wireless Earbuds,Apple,2022-02-12,0.0,0,0,118,56.0,Budget,Proprietary,0,4.0,95,24,111.18
GDG-00005,Wireless Earbuds,Sony,2023-05-10,0.0,0,0,63,48.5,Mid-Range,Proprietary,0,3.4,1144,24,123.75
GDG-00006,Smartphone,Apple,2022-07-24,6.7,8,128,3513,220.7,Mid-Range,iOS,0,4.3,260,36,839.86
GDG-00007,Smartwatch,Samsung,2023-05-16,1.5,4,32,299,43.4,Mid-Range,WearOS,0,3.1,897,36,323.65
GDG-00008,Tablet,Apple,2025-04-13,10.4,8,128,6759,556.8,Mid-Range,iPadOS,0,3.1,197,24,879.29
GDG-00009,Smartphone,Apple,2022-12-06,6.5,6,64,5152,163.5,High-End,iOS,1,4.6,1581,24,794.21
GDG-00010,Smartphone,Samsung,2023-07-30,6.4,12,256,5492,233.8,Budget,Android,0,3.7,461,12,564.24
GDG-00011,Smartwatch,Garmin,2022-08-24,1.9,1,64,536,78.9,Mid-Range,Proprietary,0,4.1,338,12,281.88
GDG-00012,Smartphone,Samsung,2023-01-11,6.4,4,64,4942,165.6,Budget,Android,1,4.2,867,24,258.3
GDG-00013,Smartphone,OnePlus,2025-05-03,6.1,6,512,3663,228.4,Mid-Range,Android,1,4.1,2564,12,3065.72
GDG-00014,Smartphone,OnePlus,2023-02-18,6.1,8,128,4801,226.7,High-End,Android,1,4.6,1991,24,625.64
GDG-00015,Smartphone,Apple,2021-11-30,6.2,8,64,3929,213.6,Mid-Range,iOS,1,3.4,230,12,492.36
GDG-00016,Laptop,Apple,2024-10-31,15.9,8,1024,6995,2052.5,Budget,macOS,0,3.0,1471,12,1335.91
GDG-00017,Wireless Earbuds,JBL,2022-05-17,0.0,0,0,55,48.9,Budget,Proprietary,0,4.2,207,36,87.08
GDG-00018,Smartphone,Samsung,2022-07-07,6.9,4,128,4810,215.1,Mid-Range,Android,0,3.9,202,12,428.13
GDG-00019,Wireless Earbuds,JBL,2022-10-27,0.0,0,0,42,41.9,Budget,Proprietary,0,3.5,1965,12,29.0
GDG-00020,Wireless Earbuds,Samsung,2021-03-07,0.0,0,0,75,47.0,High-End,Proprietary,0,4.4,866,12,141.73
GDG-00021,Tablet,Xiaomi,2021-05-16,9.6,4,128,10646,735.5,High-End,Android,0,3.7,244,12,711.73
GDG-00022,Smartphone,Samsung,2024-09-04,6.3,8,256,5311,233.2,High-End,Android,1,3.6,1443,12,873.99
GDG-00023,Smartphone,Apple,2023-07-29,6.0,6,1024,3785,179.7,Mid-Range,iOS,1,4.0,2585,12,1137.69
GDG-00024,Smartphone,Xiaomi,2022-06-23,6.6,12,256,4377,231.8,High-End,Android,1,4.7,120,12,874.84
GDG-00025,Tablet,Xiaomi,2023-03-29,10.6,6,512,7133,603.4,Mid-Range,Android,0,3.0,728,36,680.5
GDG-00026,Smartphone,Google,2021-04-07,6.7,6,256,3813,210.2,Budget,Android,1,4.0,1301,12,412.06
GDG-00027,Smartphone,Xiaomi,2023-05-15,6.5,6,256,4288,190.5,Mid-Range,Android,1,4.0,2853,12,459.41
GDG-00028,Smartphone,Apple,2023-12-20,6.1,6,128,4633,228.9,Mid-Range,iOS,0,4.2,44,12,509.54
GDG-00029,Smartphone,Google,2025-01-16,5.9,6,256,5312,203.0,Mid-Range,Android,0,3.0,1034,36,512.56
GDG-00030,Smartphone,OnePlus,2024-08-05,6.2,12,128,4101,194.8,Mid-Range,Android,1,3.3,3316,12,557.77
GDG-00031,Laptop,Dell,2025-01-18,16.8,64,256,5578,2557.8,Mid-Range,Windows,0,3.8,1635,12,2910.92
GDG-00032,Smartwatch,Huawei,2021-08-06,1.9,1,8,372,76.6,Mid-Range,Proprietary,0,3.9,21,12,136.73
GDG-00033,Smartphone,Google,2023-11-06,6.5,4,256,3813,189.9,High-End,Android,1,3.9,492,12,679.74
GDG-00034,Wireless Earbuds,Sony,2021-11-27,0.0,0,0,104,63.6,High-End,Proprietary,0,3.4,489,24,203.36
GDG-00035,Smartphone,Google,2026-03-05,6.4,4,64,3501,207.9,Mid-Range,Android,1,4.5,1232,12,427.19
GDG-00036,Wireless Earbuds,JBL,2021-08-18,0.0,0,0,81,61.4,High-End,Proprietary,0,4.0,696,12,131.36
GDG-00037,Smartphone,Samsung,2025-08-31,6.7,8,256,3990,164.6,Flagship,Android,1,4.1,219,12,947.14
GDG-00038,Laptop,Apple,2025-12-04,15.6,8,2048,4822,1228.5,High-End,macOS,0,4.9,1150,12,2657.21
GDG-00039,Smartphone,Xiaomi,2021-05-22,6.9,4,128,4590,221.3,High-End,Android,1,4.5,786,6,514.1
GDG-00040,Laptop,Asus,2021-09-20,15.9,16,512,8378,1924.7,Budget,Windows,1,4.3,70,12,1205.71
GDG-00041,Laptop,Dell,2023-05-17,17.2,16,512,8304,1908.9,Mid-Range,Windows,0,3.9,3479,24,1387.93
GDG-00042,Laptop,Asus,2022-10-01,14.9,16,512,7251,2074.8,Mid-Range,Windows,0,3.0,3420,12,1562.7
GDG-00043,Wireless Earbuds,Sony,2021-09-05,0.0,0,0,66,41.7,Budget,Proprietary,0,3.5,583,6,64.59
GDG-00044,Laptop,Apple,2022-11-24,13.4,16,512,6768,1445.2,High-End,macOS,0,3.9,837,12,2054.12
GDG-00045,Smartphone,Xiaomi,2021-05-26,6.6,8,256,3620,178.3,High-End,Android,1,4.0,1681,24,604.24
GDG-00046,Wireless Earbuds,JBL,2026-01-29,0.0,0,0,39,60.8,Mid-Range,Proprietary,0,4.3,3219,24,53.08
GDG-00047,Laptop,HP,2021-05-26,15.4,8,512,5640,2103.5,High-End,Windows,0,5.0,607,12,1357.39
GDG-00048,Smartphone,Google,2026-03-31,6.8,12,64,4680,197.8,Budget,Android,1,3.7,3624,12,436.57
GDG-00049,Laptop,HP,2025-07-12,14.9,16,512,4886,1245.4,Budget,Windows,0,3.9,3222,36,969.56
GDG-00050,Wireless Earbuds,Sony,2023-08-15,0.0,0,0,41,55.2,Mid-Range,Proprietary,0,4.1,164,12,76.5
GDG-00051,Smartwatch,Xiaomi,2024-08-16,1.3,2,16,426,70.6,High-End,Proprietary,0,3.7,2684,12,245.57
GDG-00052,Laptop,Lenovo,2025-06-28,16.7,32,1024,5518,1387.4,Mid-Range,Windows,0,3.7,1090,12,1904.68
GDG-00053,Smartwatch,Garmin,2022-01-11,1.4,1,16,347,78.3,High-End,Proprietary,0,4.2,773,6,214.42
GDG-00054,Smartphone,OnePlus,2021-06-04,6.3,8,256,5264,228.5,High-End,Android,1,3.6,794,6,657.94
GDG-00055,Laptop,HP,2021-07-20,13.5,8,2048,6714,2354.0,Flagship,Windows,1,4.2,106,12,2381.08
GDG-00056,Wireless Earbuds,Sony,2025-10-05,0.0,0,0,65,40.0,Budget,Proprietary,0,3.4,6591,12,68.17
GDG-00057,Smartphone,Apple,2023-09-22,6.3,16,64,5270,192.1,Flagship,iOS,1,4.1,505,12,1448.14
GDG-00058,Laptop,Dell,2021-05-01,14.0,8,512,4508,2578.0,Budget,Windows,0,3.1,54,12,782.05
GDG-00059,Laptop,HP,2023-07-21,14.4,8,1024,7353,2536.0,High-End,Windows,0,4.8,665,24,1634.01
GDG-00060,Tablet,Apple,2025-01-11,11.4,6,256,7555,526.8,Budget,iPadOS,1,3.8,582,12,720.97
GDG-00061,Smartphone,Xiaomi,2024-04-01,6.6,8,128,3624,219.8,High-End,Android,1,4.0,84,24,476.67
GDG-00062,Tablet,Lenovo,2021-04-28,8.6,12,128,9905,601.0,High-End,Android,1,4.5,584,12,993.18
GDG-00063,Smartphone,Apple,2021-11-19,5.9,8,128,4540,166.4,Flagship,iOS,1,4.8,547,12,1300.89
GDG-00064,Smartwatch,Samsung,2022-01-16,1.3,2,16,254,67.8,Mid-Range,WearOS,0,4.8,669,24,189.17
GDG-00065,Laptop,Lenovo,2022-04-27,14.9,8,256,8356,2435.4,Budget,Windows,0,3.1,612,12,888.25
GDG-00066,Tablet,Xiaomi,2024-06-22,8.8,6,512,10781,623.5,Mid-Range,Android,0,3.0,1450,24,684.88
GDG-00067,Laptop,Apple,2022-06-19,14.1,8,512,7433,1571.3,Mid-Range,macOS,0,4.0,493,12,1446.21
GDG-00068,Smartphone,Xiaomi,2021-09-26,6.5,6,256,4114,196.6,Mid-Range,Android,1,3.5,253,12,555.56
GDG-00069,Laptop,Lenovo,2026-04-01,13.6,64,512,6377,2031.7,Mid-Range,Windows,0,3.6,522,12,2774.63
GDG-00070,Smartphone,Apple,2024-01-07,6.0,6,256,4043,170.6,Mid-Range,iOS,1,3.5,480,6,618.94
GDG-00071,Laptop,Lenovo,2021-05-21,16.8,8,512,6013,1527.5,Flagship,Windows,0,4.5,259,12,2052.93
GDG-00072,Smartphone,Samsung,2022-09-12,6.5,8,256,5152,212.3,High-End,Android,1,3.9,2247,12,889.66
GDG-00073,Smartphone,Samsung,2021-01-17,6.5,8,128,4635,184.0,Mid-Range,Android,1,3.2,39,12,498.4
GDG-00074,Smartphone,Samsung,2026-04-07,6.8,6,128,4041,169.2,Mid-Range,Android,0,3.6,1270,12,345.77
GDG-00075,Laptop,Dell,2024-02-08,13.9,16,512,5654,2007.2,Mid-Range,Windows,0,3.3,2773,12,1030.5
GDG-00076,Smartphone,Xiaomi,2024-07-22,6.7,8,128,4535,199.1,Flagship,Android,1,4.0,262,12,754.48
GDG-00077,Smartphone,Apple,2026-01-29,6.8,8,128,3604,167.4,Budget,iOS,1,3.8,2422,24,526.6
GDG-00078,Smartphone,Xiaomi,2022-07-21,5.8,8,128,4183,221.7,High-End,Android,1,4.2,290,36,700.23
GDG-00079,Smartwatch,Xiaomi,2024-07-28,2.0,1,8,302,71.3,Mid-Range,Proprietary,0,4.1,1059,12,103.79
GDG-00080,Laptop,Lenovo,2024-02-04,16.1,16,512,6797,1114.5,Mid-Range,Linux,1,4.6,285,12,1570.85
GDG-00081,Smartphone,OnePlus,2026-01-26,6.0,4,128,3573,226.8,Budget,Android,1,4.0,150,24,331.26
GDG-00082,Smartwatch,Samsung,2021-10-31,1.5,2,64,241,48.3,Budget,WearOS,0,4.4,2227,12,250.62
GDG-00083,Smartwatch,Xiaomi,2026-01-16,1.9,1,32,240,79.6,Budget,Proprietary,0,4.6,548,24,148.24
GDG-00084,Smartphone,Xiaomi,2022-03-07,6.6,8,128,4865,168.2,Mid-Range,Android,1,4.2,611,12,345.53
GDG-00085,Smartphone,Xiaomi,2025-12-16,6.8,6,128,5494,209.7,Mid-Range,Android,0,4.2,233,24,472.54
GDG-00086,Laptop,Lenovo,2026-03-20,14.2,8,512,5165,2564.3,High-End,Windows,1,3.9,55,12,1504.23
GDG-00087,Smartwatch,Garmin,2021-02-20,1.3,1,16,390,73.5,High-End,Proprietary,0,3.3,1126,12,204.12
GDG-00088,Laptop,HP,2023-04-24,16.5,16,512,8039,2202.6,Budget,Windows,0,4.2,953,12,1197.64
GDG-00089,Smartphone,Xiaomi,2024-12-07,5.9,6,128,5286,163.1,Flagship,Android,1,4.0,1160,24,599.84
GDG-00090,Smartphone,Samsung,2023-08-22,6.0,4,256,5172,233.5,Mid-Range,Android,1,4.1,1446,24,521.99
GDG-00091,Smartwatch,Samsung,2025-08-08,1.8,1,8,336,43.8,High-End,WearOS,0,4.0,232,12,238.89
GDG-00092,Tablet,Apple,2024-09-13,9.5,6,128,8689,520.3,High-End,iPadOS,0,4.1,504,24,956.05
GDG-00093,Smartphone,Apple,2025-05-03,6.1,6,256,4813,200.8,Budget,iOS,1,4.1,801,24,527.11
GDG-00094,Laptop,Lenovo,2025-09-24,15.4,8,256,8347,1141.4,Mid-Range,Windows,0,3.8,2970,12,686.64
GDG-00095,Laptop,Dell,2024-04-04,17.2,16,256,5587,1157.4,Budget,Windows,0,3.7,6936,12,913.84
GDG-00096,Laptop,HP,2025-05-30,14.6,16,1024,6983,2576.4,Mid-Range,Windows,1,3.0,1191,12,1283.66
GDG-00097,Tablet,Lenovo,2022-01-25,9.9,8,128,9572,420.6,Budget,Android,1,4.2,629,12,305.68
GDG-00098,Smartphone,Apple,2024-01-08,6.6,4,256,5425,219.4,Mid-Range,iOS,1,3.7,912,24,648.37
GDG-00099,Wireless Earbuds,Sony,2023-01-16,0.0,0,0,90,37.1,High-End,Proprietary,0,3.3,366,12,213.46
GDG-00100,Laptop,Apple,2024-09-22,17.0,8,512,7052,1570.9,High-End,macOS,0,4.1,349,12,1981.94
GDG-00101,Tablet,Lenovo,2025-01-14,14.0,12,64,10154,531.3,Flagship,Android,0,3.8,124,12,1047.04
GDG-00102,Smartwatch,Huawei,2023-04-05,1.8,1,16,503,38.7,Budget,Proprietary,0,3.7,2055,12,179.45
GDG-00103,Smartphone,Samsung,2023-05-12,6.5,4,256,4276,214.2,Mid-Range,Android,1,3.5,555,24,576.21
GDG-00104,Smartphone,Samsung,2024-06-14,6.4,4,256,4331,203.8,High-End,Android,1,4.2,1945,12,755.49
GDG-00105,Smartphone,Apple,2021-01-01,6.1,8,128,3930,194.4,Mid-Range,iOS,1,3.7,5007,12,646.46
GDG-00106,Smartphone,OnePlus,2024-09-02,6.2,12,128,4404,195.4,Budget,Android,0,4.0,984,12,1539.09
GDG-00107,Tablet,Lenovo,2023-08-28,13.3,4,128,7390,657.2,Budget,Android,0,3.4,361,12,485.94
GDG-00108,Laptop,Dell,2024-09-21,15.8,16,512,5872,1240.1,Flagship,Windows,0,4.2,233,12,2148.48
GDG-00109,Smartphone,Google,2022-09-28,6.0,4,256,3907,171.8,High-End,Android,1,4.2,1549,12,607.37
GDG-00110,Wireless Earbuds,Bose,2021-04-05,0.0,0,0,66,64.5,Mid-Range,Proprietary,0,3.1,227,24,114.36
GDG-00111,Tablet,Lenovo,2024-06-05,13.7,6,256,6596,583.9,Mid-Range,Android,1,4.5,1414,12,638.95
GDG-00112,Smartphone,Xiaomi,2024-03-24,6.0,4,512,4926,190.7,Budget,Android,1,3.6,3942,24,485.59
GDG-00113,Smartwatch,Apple,2021-10-30,1.7,1,32,222,79.3,Budget,watchOS,0,4.0,1305,12,224.05
GDG-00114,Tablet,Apple,2025-10-29,13.2,8,256,6873,700.2,Flagship,iPadOS,0,4.0,69,12,1772.2
GDG-00115,Wireless Earbuds,Sony,2025-07-05,0.0,0,0,101,48.9,Mid-Range,Proprietary,0,4.2,3113,36,107.69
GDG-00116,Wireless Earbuds,Sony,2024-02-16,0.0,0,0,66,62.5,High-End,Proprietary,0,3.9,901,12,142.11
GDG-00117,Smartwatch,Garmin,2021-09-06,1.6,1,32,457,67.4,Mid-Range,Proprietary,0,4.3,636,12,115.75
GDG-00118,Tablet,Xiaomi,2024-02-19,12.1,6,256,9625,640.6,High-End,Android,1,4.6,333,6,861.87
GDG-00119,Tablet,Samsung,2023-10-31,11.0,4,128,10488,580.5,Budget,Android,0,3.5,395,12,659.02
GDG-00120,Smartphone,Google,2025-10-31,6.3,6,128,4030,220.1,High-End,Android,1,3.8,436,12,446.56
GDG-00121,Smartphone,Apple,2025-09-17,6.5,4,128,5068,222.2,Flagship,iOS,1,4.1,3774,24,834.29
GDG-00122,Smartphone,Google,2023-09-20,6.5,12,512,4062,195.2,Mid-Range,Android,1,3.5,234,36,912.8
GDG-00123,Smartphone,Google,2022-04-26,6.1,6,256,4154,231.4,High-End,Android,1,4.2,3798,24,586.6
GDG-00124,Tablet,Samsung,2021-06-15,9.2,12,512,7894,557.9,Flagship,Android,0,4.0,1443,12,2049.66
GDG-00125,Tablet,Samsung,2022-03-15,8.7,8,64,9339,539.1,Mid-Range,Android,0,3.4,397,12,479.52
GDG-00126,Smartphone,Samsung,2021-05-08,6.0,8,256,4360,191.2,High-End,Android,1,4.2,645,12,747.75
GDG-00127,Smartphone,OnePlus,2025-04-26,6.4,8,512,4924,161.6,Budget,Android,1,4.2,2858,12,507.37
GDG-00128,Smartwatch,Garmin,2024-03-25,1.5,2,16,223,82.0,High-End,Proprietary,0,4.4,220,12,213.3
GDG-00129,Smartphone,OnePlus,2022-09-04,6.6,8,256,5247,231.3,High-End,Android,1,4.4,2568,24,648.29
GDG-00130,Smartphone,Samsung,2025-09-08,6.3,6,256,5030,218.8,Budget,Android,1,3.6,2156,12,478.15
GDG-00131,Smartphone,OnePlus,2026-01-13,6.0,16,256,3949,181.8,Mid-Range,Android,1,3.3,946,24,756.26
GDG-00132,Smartphone,Samsung,2023-03-08,6.2,8,128,4890,223.9,Mid-Range,Android,1,3.5,1880,12,595.18
GDG-00133,Smartwatch,Xiaomi,2025-09-18,1.6,2,8,285,84.0,Mid-Range,Proprietary,0,4.2,1178,6,108.82
GDG-00134,Tablet,Xiaomi,2023-12-30,8.5,6,256,9227,633.1,High-End,Android,1,4.8,96,24,610.06
GDG-00135,Smartphone,Xiaomi,2021-06-21,6.5,4,128,3777,229.3,Mid-Range,Android,0,3.8,144,24,382.12
GDG-00136,Laptop,HP,2022-06-17,14.8,8,256,5366,1782.0,High-End,Windows,1,4.7,398,36,1494.56
GDG-00137,Smartphone,Google,2022-07-24,6.6,12,256,5203,193.7,High-End,Android,1,4.0,479,12,649.93
GDG-00138,Smartwatch,Garmin,2025-09-06,1.3,2,16,229,71.7,Budget,Proprietary,0,4.2,4152,12,133.2
GDG-00139,Tablet,Apple,2021-04-17,14.6,6,128,8866,500.7,Budget,iPadOS,0,3.7,4127,12,733.29
GDG-00140,Laptop,Apple,2024-08-27,13.5,8,512,4627,2524.4,Mid-Range,macOS,0,3.6,1280,12,1340.27
GDG-00141,Laptop,Lenovo,2021-02-11,15.8,8,512,5477,1289.3,Flagship,Windows,0,4.8,4427,12,1699.99
GDG-00142,Smartwatch,Apple,2022-03-23,1.6,2,8,351,72.6,High-End,watchOS,0,4.2,347,36,289.48
GDG-00143,Smartphone,Google,2021-12-10,6.5,8,64,5473,219.8,High-End,Android,1,3.4,125,12,608.11
GDG-00144,Smartphone,Google,2021-08-23,6.7,6,512,3835,237.2,Mid-Range,Android,0,3.4,2082,6,613.01
GDG-00145,Smartwatch,Garmin,2021-02-22,1.9,2,16,514,67.9,Budget,Proprietary,0,4.4,441,24,214.97
GDG-00146,Wireless Earbuds,JBL,2023-02-08,0.0,0,0,85,63.2,High-End,Proprietary,0,4.0,115,24,168.79
GDG-00147,Laptop,Dell,2022-02-11,13.6,16,256,7328,2345.9,High-End,Windows,0,3.7,1563,12,1566.73
GDG-00148,Smartwatch,Apple,2022-09-10,1.9,1,64,527,74.7,High-End,watchOS,0,4.0,1886,12,434.09
GDG-00149,Laptop,Dell,2025-06-19,17.2,16,512,7705,1161.6,Budget,Windows,0,5.0,117,12,985.76
GDG-00150,Smartphone,Apple,2021-05-22,6.4,6,512,4198,161.0,High-End,iOS,1,4.1,1204,12,1240.2
GDG-00151,Smartwatch,Xiaomi,2023-05-11,1.9,2,16,274,55.0,Budget,Proprietary,0,3.6,815,24,189.62
GDG-00152,Tablet,Samsung,2023-01-12,12.3,16,128,9766,674.6,High-End,Android,0,3.6,767,24,1138.02
GDG-00153,Smartphone,Samsung,2025-02-11,6.4,12,128,4832,181.6,High-End,Android,1,4.1,828,12,938.44
GDG-00154,Tablet,Lenovo,2025-07-14,14.1,6,256,9960,587.4,Mid-Range,Android,1,3.5,464,12,668.81
GDG-00155,Tablet,Apple,2024-04-28,10.0,8,64,8011,719.1,Mid-Range,iPadOS,0,4.0,338,6,798.78
GDG-00156,Smartphone,Samsung,2025-12-11,6.3,8,128,5036,197.2,Mid-Range,Android,1,3.3,3576,12,713.49
GDG-00157,Smartphone,Google,2023-02-16,6.2,8,256,4512,228.1,Budget,Android,0,3.8,1980,12,476.48
GDG-00158,Tablet,Xiaomi,2022-03-11,10.5,4,1024,8116,542.5,Mid-Range,Android,1,3.6,78,12,801.99
GDG-00159,Smartphone,OnePlus,2024-12-07,6.8,6,128,4638,160.8,Flagship,Android,1,4.3,742,12,815.62
GDG-00160,Laptop,Asus,2026-04-26,14.1,8,256,5488,2180.1,Mid-Range,Windows,0,4.0,265,12,888.77
GDG-00161,Smartphone,OnePlus,2024-11-15,6.3,6,256,4957,199.3,Flagship,Android,1,4.3,36,12,840.21
GDG-00162,Tablet,Lenovo,2025-06-12,8.4,4,512,8410,499.8,Mid-Range,Android,1,4.3,306,12,698.13
GDG-00163,Smartphone,OnePlus,2022-09-20,6.5,6,128,4255,197.9,Mid-Range,Android,1,4.2,2430,36,313.47
GDG-00164,Smartwatch,Huawei,2023-05-22,2.0,2,32,501,49.5,Mid-Range,Proprietary,0,3.4,1336,24,166.8
GDG-00165,Smartwatch,Apple,2024-12-10,1.6,2,16,376,45.3,Mid-Range,watchOS,0,3.3,492,12,311.74
GDG-00166,Laptop,HP,2021-09-05,16.2,16,512,5792,1279.3,Mid-Range,Windows,0,4.5,32,12,977.32
GDG-00167,Smartphone,Samsung,2022-01-15,6.0,8,128,5012,198.7,High-End,Android,1,4.3,792,12,605.95
GDG-00168,Laptop,Dell,2025-01-23,15.7,16,1024,7613,1887.0,High-End,Windows,0,4.1,103,36,2035.43
GDG-00169,Smartwatch,Garmin,2022-02-02,1.4,4,16,404,41.5,Budget,Proprietary,0,3.4,371,12,184.76
GDG-00170,Smartphone,Google,2021-01-29,6.6,6,256,3759,181.9,Mid-Range,Android,1,4.2,655,12,392.93
GDG-00171,Smartphone,Google,2024-02-08,6.1,8,256,5433,170.1,Budget,Android,1,3.4,370,36,428.27
GDG-00172,Laptop,Apple,2023-10-03,13.7,16,256,4550,1961.1,Mid-Range,macOS,0,4.0,1909,12,2162.11
GDG-00173,Smartphone,Apple,2023-06-22,6.2,12,128,5477,164.1,High-End,iOS,1,3.9,400,24,1171.04
GDG-00174,Laptop,Dell,2026-04-12,16.7,16,256,4967,2333.2,High-End,Windows,0,4.1,336,24,1475.6
GDG-00175,Laptop,HP,2024-07-13,16.0,8,512,5121,1323.8,Budget,Windows,0,4.7,331,12,939.37
GDG-00176,Laptop,Apple,2022-05-24,13.8,8,512,7631,1724.3,Flagship,macOS,0,3.4,1532,12,2196.97
GDG-00177,Wireless Earbuds,JBL,2024-06-20,0.0,0,0,63,58.3,High-End,Proprietary,0,4.6,2846,24,72.08
GDG-00178,Smartphone,OnePlus,2023-02-19,6.3,6,128,4406,183.8,High-End,Android,1,3.7,101,12,501.24
GDG-00179,Smartphone,OnePlus,2024-04-20,6.9,8,128,4125,205.5,Budget,Android,0,4.1,329,12,444.56
GDG-00180,Smartphone,Samsung,2025-02-24,5.9,8,256,5062,176.6,Flagship,Android,1,4.9,89,12,1096.73
GDG-00181,Wireless Earbuds,Bose,2022-03-09,0.0,0,0,68,54.8,Mid-Range,Proprietary,0,4.0,647,12,91.08
GDG-00182,Tablet,Xiaomi,2021-11-18,9.8,8,256,10521,447.0,Mid-Range,Android,0,3.7,5883,24,548.05
GDG-00183,Laptop,Apple,2023-07-12,16.1,8,512,6424,1536.9,High-End,macOS,0,4.3,1140,12,2119.17
GDG-00184,Smartphone,OnePlus,2024-12-18,6.1,6,128,5260,196.3,Budget,Android,1,3.7,3331,12,299.51
GDG-00185,Smartphone,Google,2026-03-08,6.1,12,256,5120,210.0,Mid-Range,Android,1,3.6,1040,12,648.79
GDG-00186,Smartphone,Google,2026-03-28,6.0,4,256,3735,203.6,Flagship,Android,1,4.1,2445,24,809.24
GDG-00187,Smartwatch,Xiaomi,2024-08-19,1.3,1,8,356,75.8,High-End,Proprietary,0,4.0,3799,12,196.41
GDG-00188,Wireless Earbuds,Sony,2021-05-27,0.0,0,0,42,40.0,Budget,Proprietary,0,3.7,1751,12,121.38
GDG-00189,Laptop,Apple,2022-09-22,15.7,16,256,7876,1953.8,High-End,macOS,0,2.8,332,6,2596.8
GDG-00190,Smartwatch,Xiaomi,2021-09-12,1.6,1,16,375,69.1,Mid-Range,Proprietary,0,3.5,307,12,180.34
GDG-00191,Smartwatch,Garmin,2026-04-15,1.4,1,8,496,58.2,Mid-Range,Proprietary,0,3.2,1699,12,174.49
GDG-00192,Smartphone,Xiaomi,2021-06-14,6.5,4,256,5321,194.6,Budget,Android,1,3.6,1426,12,304.0
GDG-00193,Laptop,Apple,2022-05-28,13.4,8,256,5437,2542.9,Budget,macOS,0,4.0,1561,24,1206.38
GDG-00194,Laptop,HP,2024-03-24,15.6,16,512,4584,2599.4,Mid-Range,Windows,0,3.3,3998,12,1217.02
GDG-00195,Smartphone,OnePlus,2021-03-24,6.6,6,256,3858,197.6,Budget,Android,1,3.4,305,6,368.77
GDG-00196,Smartphone,OnePlus,2026-02-20,6.1,4,64,4698,194.9,Budget,Android,1,3.5,1261,12,208.57
GDG-00197,Smartphone,OnePlus,2021-07-06,6.3,6,128,4336,186.7,Mid-Range,Android,1,4.5,580,12,394.21
GDG-00198,Laptop,HP,2025-10-23,13.9,8,256,6186,2140.5,Flagship,Windows,1,4.3,2000,6,1828.71
GDG-00199,Smartphone,Samsung,2025-07-25,6.6,12,128,3575,196.4,Budget,Android,1,4.3,2720,12,612.84
GDG-00200,Laptop,Asus,2022-10-25,13.8,32,256,7664,1706.3,Mid-Range,Windows,1,3.9,73,6,1643.78
GDG-00201,Smartwatch,Apple,2024-09-08,1.9,1,8,456,53.9,Budget,watchOS,0,3.4,531,24,148.38
GDG-00202,Smartwatch,Xiaomi,2022-01-20,1.6,1,16,538,72.1,Mid-Range,Proprietary,0,3.7,882,24,166.98
GDG-00203,Smartwatch,Apple,2024-07-04,1.6,2,8,246,42.8,Flagship,watchOS,1,3.8,101,36,362.15
GDG-00204,Laptop,Dell,2026-03-15,14.5,8,512,8107,2147.4,Mid-Range,Windows,1,3.4,3050,12,1021.68
GDG-00205,Laptop,Dell,2024-05-31,16.5,8,1024,7407,1337.6,Budget,Windows,0,3.3,693,12,863.13
GDG-00206,Laptop,Asus,2021-07-10,14.2,8,256,7946,2469.4,Budget,Windows,0,4.1,419,24,806.77
GDG-00207,Tablet,Apple,2025-09-01,9.3,6,256,8390,603.2,Mid-Range,iPadOS,0,4.4,254,6,859.06
GDG-00208,Smartphone,Xiaomi,2025-09-06,6.3,8,256,4467,179.5,Mid-Range,Android,1,3.5,130,36,531.44
GDG-00209,Laptop,Asus,2023-02-25,14.1,16,512,6955,1862.4,High-End,Windows,1,4.2,1013,12,1334.59
GDG-00210,Tablet,Lenovo,2022-07-20,13.2,6,64,9399,542.4,High-End,Android,1,4.3,1639,24,881.33
GDG-00211,Smartphone,Xiaomi,2022-07-02,6.7,8,128,4079,218.1,Mid-Range,Android,1,4.0,1163,12,547.42
GDG-00212,Smartphone,OnePlus,2024-04-02,6.9,8,256,4502,229.2,Mid-Range,Android,1,3.9,28,12,531.3
GDG-00213,Smartwatch,Xiaomi,2023-09-19,1.5,1,16,502,72.4,Mid-Range,Proprietary,0,3.0,1551,24,161.61
GDG-00214,Laptop,HP,2023-02-12,15.1,8,256,5818,2404.4,High-End,Windows,0,3.7,632,24,1274.5
GDG-00215,Laptop,Lenovo,2023-02-24,14.2,16,512,7676,1716.2,Budget,Windows,0,4.3,1369,24,1235.43
GDG-00216,Smartphone,Google,2026-02-14,6.7,8,128,4290,239.1,Mid-Range,Android,1,4.1,4833,12,514.76
GDG-00217,Tablet,Lenovo,2024-08-28,14.5,4,128,10057,767.3,Mid-Range,Android,0,3.7,314,12,498.41
GDG-00218,Smartwatch,Garmin,2024-04-23,1.5,1,8,271,78.3,High-End,Proprietary,0,5.0,250,12,193.59
GDG-00219,Wireless Earbuds,JBL,2023-06-21,0.0,0,0,47,50.8,Mid-Range,Proprietary,0,4.4,259,12,115.88
GDG-00220,Smartphone,OnePlus,2023-07-25,5.8,8,256,3795,192.8,High-End,Android,1,4.3,1846,6,711.19
GDG-00221,Tablet,Samsung,2024-09-02,14.4,8,64,6612,589.0,High-End,Android,1,4.8,806,12,1003.61
GDG-00222,Smartphone,Samsung,2022-11-25,6.5,8,64,4314,212.0,Flagship,Android,1,3.8,3085,12,891.19
GDG-00223,Smartphone,Google,2025-10-11,6.2,4,128,4881,228.7,Budget,Android,1,3.5,4433,12,330.35
GDG-00224,Laptop,Apple,2022-10-11,15.8,8,512,8134,2239.1,High-End,macOS,1,4.6,527,24,1490.67
GDG-00225,Smartphone,Xiaomi,2021-03-15,6.5,8,512,3980,210.5,Flagship,Android,1,4.0,376,12,1097.17
GDG-00226,Wireless Earbuds,Sony,2026-03-02,0.0,0,0,71,64.9,Budget,Proprietary,0,4.0,510,12,69.03
GDG-00227,Wireless Earbuds,JBL,2025-03-10,0.0,0,0,46,48.0,Mid-Range,Proprietary,0,3.5,2296,12,56.58
GDG-00228,Laptop,HP,2021-07-21,16.3,16,512,7383,2408.9,Budget,Windows,0,4.4,1153,12,1058.81
GDG-00229,Tablet,Samsung,2026-01-25,8.5,12,256,8657,706.6,Budget,Android,0,4.6,651,12,650.14
GDG-00230,Laptop,Asus,2023-02-07,15.0,64,1024,5500,1896.7,Mid-Range,Windows,0,3.8,2483,12,2112.9
GDG-00231,Smartwatch,Xiaomi,2021-12-15,1.3,1,32,532,78.2,Mid-Range,Proprietary,0,3.2,5053,24,205.72
GDG-00232,Smartphone,Apple,2024-06-23,6.6,6,128,4519,233.0,Budget,iOS,0,3.6,573,12,539.4
GDG-00233,Smartphone,Xiaomi,2023-08-03,6.5,16,128,4441,180.4,High-End,Android,1,4.3,1904,12,681.43
GDG-00234,Laptop,Apple,2021-01-20,16.9,32,512,6405,2451.8,Mid-Range,macOS,0,3.5,1906,12,2623.0
GDG-00235,Tablet,Lenovo,2021-11-20,8.8,4,128,8830,775.6,High-End,Android,0,4.2,557,12,609.96
GDG-00236,Tablet,Apple,2023-05-19,12.6,8,64,9742,724.3,Mid-Range,iPadOS,0,3.9,859,36,875.17
GDG-00237,Laptop,HP,2023-02-27,16.7,16,256,4936,1455.8,High-End,Windows,0,4.6,227,6,1650.86
GDG-00238,Laptop,Apple,2024-12-03,14.5,32,256,7899,2087.3,Budget,macOS,0,3.8,507,12,1949.85
GDG-00239,Tablet,Samsung,2024-03-05,13.7,6,128,6401,747.8,High-End,Android,1,4.7,546,12,952.55
GDG-00240,Tablet,Xiaomi,2025-09-02,14.0,4,64,8344,699.3,Mid-Range,Android,0,3.6,668,24,543.75
GDG-00241,Smartwatch,Samsung,2025-07-01,1.5,2,16,545,42.1,High-End,WearOS,0,4.0,779,36,400.44
GDG-00242,Laptop,Asus,2022-05-29,16.0,8,512,7452,2251.2,High-End,Windows,0,3.8,5770,6,1497.46
GDG-00243,Smartphone,Xiaomi,2021-07-18,6.8,8,128,4823,163.2,High-End,Android,1,3.7,3357,24,697.67
GDG-00244,Smartwatch,Garmin,2025-06-04,1.6,2,16,516,51.3,Budget,Proprietary,0,3.3,587,12,156.19
GDG-00245,Smartphone,Xiaomi,2021-09-27,5.9,8,128,4104,186.1,Mid-Range,Android,1,3.7,48,36,445.03
GDG-00246,Smartphone,Apple,2022-02-16,5.9,12,256,4604,230.1,Mid-Range,iOS,1,3.6,411,24,952.73
GDG-00247,Smartphone,OnePlus,2023-10-25,6.8,4,128,5200,173.2,Mid-Range,Android,1,3.7,445,12,367.59
GDG-00248,Smartphone,Xiaomi,2026-04-18,6.3,8,64,5151,183.6,High-End,Android,1,3.7,5429,12,498.21
GDG-00249,Laptop,Apple,2025-11-18,14.7,16,512,4971,1802.5,Mid-Range,macOS,0,4.4,1305,12,1855.87
GDG-00250,Smartphone,Google,2025-03-25,6.9,4,512,5261,214.1,Budget,Android,1,4.0,2549,12,489.17
GDG-00251,Laptop,Asus,2023-03-25,17.2,16,256,7795,1936.0,Flagship,Linux,0,4.0,239,24,2025.86
GDG-00252,Laptop,Apple,2022-06-26,15.4,8,512,6362,1652.9,High-End,macOS,0,3.9,817,12,1948.17
GDG-00253,Wireless Earbuds,Sony,2022-06-21,0.0,0,0,109,46.4,Mid-Range,Proprietary,0,3.7,18,6,173.15
GDG-00254,Laptop,Lenovo,2024-07-31,17.1,8,2048,4943,2112.3,Budget,Windows,0,3.0,276,12,1061.05
GDG-00255,Smartphone,Apple,2026-04-16,6.4,4,64,5374,208.8,Mid-Range,iOS,1,3.5,1961,12,467.13
GDG-00256,Laptop,Lenovo,2024-07-25,16.6,8,1024,8224,2151.6,Budget,Windows,0,3.6,925,24,1020.38
GDG-00257,Laptop,HP,2021-04-03,17.1,8,512,5746,2593.9,High-End,Windows,0,3.9,2582,12,1688.95
GDG-00258,Smartphone,OnePlus,2024-01-06,5.9,8,512,4429,189.7,Mid-Range,Android,1,3.9,372,6,586.24
GDG-00259,Laptop,Dell,2024-11-27,17.1,16,1024,6216,1981.0,Mid-Range,Windows,1,3.9,1103,12,1294.62
GDG-00260,Tablet,Xiaomi,2024-09-03,8.9,6,512,10008,641.6,Budget,Android,1,4.3,554,12,618.63
GDG-00261,Smartphone,Samsung,2022-07-27,5.8,4,128,4258,177.4,Budget,Android,1,3.4,1636,12,366.27
GDG-00262,Tablet,Samsung,2022-04-29,13.7,4,128,6813,773.1,Budget,Android,0,3.0,1048,6,520.73
GDG-00263,Smartphone,Apple,2026-01-21,6.9,6,256,4234,164.8,Budget,iOS,0,3.5,2306,12,510.86
GDG-00264,Smartphone,Apple,2021-09-08,6.8,8,128,5187,196.4,Mid-Range,iOS,1,4.0,2353,24,701.23
GDG-00265,Laptop,Lenovo,2024-08-07,15.9,16,512,8477,1132.0,Mid-Range,Windows,0,4.3,578,12,1428.32
GDG-00266,Laptop,Asus,2021-09-15,16.4,16,1024,5340,1202.9,Budget,Windows,0,3.0,586,6,1136.72
GDG-00267,Smartphone,Xiaomi,2022-03-19,6.7,6,256,3977,186.3,Mid-Range,Android,0,4.3,309,36,357.01
GDG-00268,Laptop,Asus,2026-01-19,15.7,64,256,5635,2387.6,Budget,Windows,0,4.0,190,6,2084.07
GDG-00269,Smartphone,Xiaomi,2022-05-29,6.7,6,64,3725,212.9,Mid-Range,Android,0,4.4,424,24,353.21
GDG-00270,Smartphone,Samsung,2021-01-31,6.2,6,128,5114,179.0,Mid-Range,Android,1,3.9,125,12,503.15
GDG-00271,Smartphone,Apple,2021-12-23,6.1,6,128,3759,219.3,Mid-Range,iOS,1,3.3,951,24,575.17
GDG-00272,Tablet,Lenovo,2025-03-08,8.7,8,256,9672,700.1,Mid-Range,Android,0,3.3,1372,12,620.32
GDG-00273,Tablet,Xiaomi,2021-08-12,11.1,6,64,7814,760.3,Mid-Range,Android,0,3.4,820,12,675.17
GDG-00274,Wireless Earbuds,JBL,2025-05-24,0.0,0,0,119,50.6,Mid-Range,Proprietary,0,3.5,757,12,158.1
GDG-00275,Smartphone,OnePlus,2023-07-28,6.5,8,128,3563,164.9,Mid-Range,Android,1,4.5,2462,12,455.97
GDG-00276,Smartwatch,Xiaomi,2023-04-03,1.5,2,16,275,58.0,Budget,Proprietary,0,4.1,133,24,141.34
GDG-00277,Laptop,Dell,2026-02-07,15.1,16,512,8183,1221.2,Mid-Range,Windows,0,3.3,3027,12,1560.14
GDG-00278,Smartwatch,Huawei,2022-07-18,1.7,1,32,519,61.1,Flagship,Proprietary,0,4.8,3764,12,408.44
GDG-00279,Smartphone,Google,2024-05-08,6.4,8,128,4429,200.4,Budget,Android,1,3.4,369,6,322.03
GDG-00280,Wireless Earbuds,Bose,2025-06-13,0.0,0,0,49,60.6,Flagship,Proprietary,0,4.0,1411,12,163.36
GDG-00281,Smartwatch,Samsung,2024-08-26,1.9,2,32,502,70.2,Mid-Range,WearOS,0,3.5,917,24,331.98
GDG-00282,Wireless Earbuds,Sony,2022-03-17,0.0,0,0,90,48.5,High-End,Proprietary,0,4.5,32,12,156.53
GDG-00283,Tablet,Apple,2022-04-13,10.9,4,512,9715,563.5,Budget,iPadOS,1,4.0,2604,12,779.63
GDG-00284,Smartphone,Apple,2022-10-03,6.3,6,256,4862,180.4,High-End,iOS,1,4.5,1047,12,1119.51
GDG-00285,Smartphone,Xiaomi,2021-11-09,6.6,6,64,4471,165.4,Mid-Range,Android,1,3.8,1488,6,453.92
GDG-00286,Smartphone,OnePlus,2021-07-10,6.3,6,256,5024,219.1,High-End,Android,1,3.9,213,12,510.23
GDG-00287,Smartphone,OnePlus,2025-07-21,5.9,8,128,3622,206.9,High-End,Android,1,4.0,264,12,705.93
GDG-00288,Tablet,Samsung,2024-02-25,11.8,8,64,7001,567.9,Mid-Range,Android,1,4.1,1516,24,619.65
GDG-00289,Tablet,Samsung,2026-04-12,13.0,4,512,6421,768.6,Mid-Range,Android,1,4.4,222,24,754.63
GDG-00290,Tablet,Lenovo,2022-12-22,9.0,8,128,10156,496.6,Budget,Android,1,3.8,72,12,459.81
GDG-00291,Smartwatch,Samsung,2022-04-05,1.9,1,64,399,76.8,Mid-Range,WearOS,0,3.9,1013,24,286.7
GDG-00292,Laptop,Dell,2023-01-23,13.8,16,1024,5641,1961.2,High-End,Windows,0,4.2,127,12,1879.46
GDG-00293,Laptop,Apple,2025-04-21,16.6,32,512,7013,2112.5,Flagship,macOS,0,4.0,2515,12,4284.33
GDG-00294,Smartphone,Xiaomi,2024-06-01,6.8,8,128,5198,215.5,Flagship,Android,1,4.1,1254,6,854.44
GDG-00295,Smartphone,Google,2021-03-01,6.0,6,128,4939,221.0,High-End,Android,1,4.5,18,24,646.52
GDG-00296,Smartphone,OnePlus,2026-03-03,6.2,12,128,3512,174.5,High-End,Android,1,5.0,2560,12,689.34
GDG-00297,Smartwatch,Huawei,2021-10-21,1.7,1,64,425,35.7,Budget,Proprietary,0,3.6,4422,6,210.34
GDG-00298,Smartwatch,Apple,2025-02-26,1.7,1,16,235,36.9,High-End,watchOS,0,4.2,2180,6,213.46
GDG-00299,Smartphone,Samsung,2023-12-23,6.0,4,128,4359,196.3,Budget,Android,0,3.7,923,12,218.43
GDG-00300,Smartphone,Xiaomi,2022-10-01,6.6,4,128,5090,235.3,High-End,Android,1,4.8,388,12,478.13
GDG-00301,Smartphone,Google,2024-05-06,5.9,4,256,3607,172.4,Budget,Android,1,3.9,385,6,311.09
GDG-00302,Smartphone,Apple,2021-04-12,6.5,6,256,4057,195.4,High-End,iOS,1,4.9,1320,12,1058.14
GDG-00303,Tablet,Lenovo,2023-05-19,11.4,12,256,9621,569.1,Budget,Android,0,4.4,624,12,584.39
GDG-00304,Smartphone,Apple,2023-11-16,5.9,8,128,4380,168.9,Flagship,iOS,1,4.0,1062,36,1178.49
GDG-00305,Smartphone,Google,2024-10-20,6.5,16,64,4496,202.2,Mid-Range,Android,1,3.6,276,12,518.66
GDG-00306,Laptop,Dell,2022-03-28,14.9,8,2048,6954,1182.2,Mid-Range,Windows,1,3.8,229,12,1451.28
GDG-00307,Tablet,Lenovo,2025-04-21,9.2,6,128,8093,524.2,Flagship,Android,0,4.4,92,12,990.63
GDG-00308,Smartphone,Google,2023-10-16,6.6,4,128,3859,170.3,Budget,Android,1,3.5,539,24,324.08
GDG-00309,Wireless Earbuds,Sony,2022-04-17,0.0,0,0,99,51.8,Mid-Range,Proprietary,0,3.3,1002,24,132.19
GDG-00310,Laptop,HP,2024-09-30,16.5,32,2048,4795,1695.6,Budget,Windows,0,3.9,347,36,1705.96
GDG-00311,Smartphone,Xiaomi,2023-07-31,6.8,6,512,5265,185.0,Mid-Range,Android,1,3.8,752,24,476.61
GDG-00312,Smartphone,Samsung,2023-04-09,6.6,6,256,4355,183.2,Flagship,Android,1,4.4,4557,24,1007.7
GDG-00313,Smartphone,Google,2023-04-10,5.8,8,256,4165,173.7,Budget,Android,1,3.3,1787,12,417.56
GDG-00314,Smartphone,Samsung,2023-08-01,6.7,6,256,5383,188.9,High-End,Android,1,4.4,882,24,731.97
GDG-00315,Smartphone,Xiaomi,2023-06-14,6.7,6,256,3998,194.9,Budget,Android,1,3.5,623,24,346.33
GDG-00316,Wireless Earbuds,Apple,2021-06-11,0.0,0,0,85,61.1,High-End,Proprietary,0,3.6,1699,24,150.21
GDG-00317,Wireless Earbuds,Samsung,2025-03-08,0.0,0,0,78,41.6,Mid-Range,Proprietary,0,3.0,659,24,151.09
GDG-00318,Tablet,Samsung,2025-05-15,9.4,4,128,10181,648.0,Flagship,Android,0,4.5,3620,12,1008.61
GDG-00319,Laptop,Lenovo,2022-02-02,16.9,8,1024,5931,1626.6,Mid-Range,Windows,0,3.4,2824,24,1137.9
GDG-00320,Laptop,Asus,2021-10-30,14.2,32,512,5099,1484.0,High-End,Windows,0,3.9,435,12,2139.96
GDG-00321,Smartphone,Apple,2025-04-04,6.5,6,256,3862,236.1,Mid-Range,iOS,1,3.8,2118,6,573.37
GDG-00322,Smartwatch,Huawei,2023-08-09,1.8,2,8,516,55.8,High-End,Proprietary,0,4.6,413,12,273.14
GDG-00323,Smartphone,OnePlus,2026-03-08,6.8,4,128,4816,210.8,High-End,Android,1,4.2,4352,12,446.96
GDG-00324,Smartphone,OnePlus,2024-07-03,6.2,12,64,5488,210.2,Mid-Range,Android,0,3.4,1593,12,493.58
GDG-00325,Laptop,HP,2021-05-20,15.2,8,512,7086,1554.2,Mid-Range,Windows,0,4.0,255,12,1142.01
GDG-00326,Tablet,Samsung,2023-11-06,8.8,4,256,9782,582.7,Mid-Range,Android,0,3.9,589,12,542.85
GDG-00327,Smartwatch,Garmin,2025-08-31,1.4,1,8,550,77.8,Mid-Range,Proprietary,0,4.7,553,24,173.9
GDG-00328,Laptop,Lenovo,2025-10-18,13.7,8,512,6933,1860.6,High-End,Windows,0,4.3,3257,24,1014.84
GDG-00329,Smartwatch,Garmin,2025-06-10,1.8,1,8,241,55.8,High-End,Proprietary,0,4.6,52,6,175.8
GDG-00330,Smartphone,Google,2025-07-17,6.4,12,256,3885,185.7,Flagship,Android,1,4.9,3542,12,1130.4
GDG-00331,Smartphone,Google,2023-09-02,6.4,8,128,5461,164.9,High-End,Android,1,4.4,336,12,626.17
GDG-00332,Tablet,Apple,2021-07-31,13.4,6,128,8813,773.7,Mid-Range,iPadOS,0,3.0,166,36,820.48
GDG-00333,Smartwatch,Garmin,2024-08-16,1.3,1,32,346,69.5,Mid-Range,Proprietary,0,3.5,426,24,173.63
GDG-00334,Smartwatch,Huawei,2023-06-19,1.6,1,64,532,40.4,Budget,Proprietary,0,4.1,228,12,161.22
GDG-00335,Smartphone,OnePlus,2023-02-03,6.8,6,256,4293,192.7,Mid-Range,Android,1,3.5,637,6,534.48
GDG-00336,Smartwatch,Samsung,2024-05-09,1.2,2,16,543,66.3,Mid-Range,WearOS,0,3.6,3483,12,252.89
GDG-00337,Smartwatch,Garmin,2021-05-15,1.5,2,64,505,68.0,High-End,Proprietary,0,4.1,2969,6,396.42
GDG-00338,Laptop,Dell,2022-08-05,14.3,64,256,7988,2084.8,Budget,Windows,1,3.6,1478,12,2390.54
GDG-00339,Smartphone,Google,2022-11-14,5.9,8,128,4859,171.3,Budget,Android,1,4.3,972,12,405.39
GDG-00340,Smartphone,Xiaomi,2024-09-05,6.6,16,128,4302,170.3,Budget,Android,1,3.5,1187,12,525.72
GDG-00341,Smartphone,Samsung,2021-06-23,6.1,6,256,4271,211.5,High-End,Android,1,4.0,1066,12,4172.36
GDG-00342,Smartphone,Samsung,2022-11-04,6.7,12,128,4872,216.2,High-End,Android,1,4.3,286,12,963.43
GDG-00343,Smartwatch,Apple,2026-04-24,1.8,2,16,570,80.4,Budget,watchOS,0,4.1,3384,12,250.63
GDG-00344,Smartwatch,Samsung,2021-07-11,1.7,1,16,436,58.9,High-End,WearOS,0,4.2,490,24,369.51
GDG-00345,Smartphone,Apple,2021-02-07,6.2,6,128,3869,236.1,Mid-Range,iOS,1,4.4,1233,12,689.33
GDG-00346,Smartwatch,Apple,2025-04-19,1.6,1,64,335,85.0,High-End,watchOS,0,4.1,34,6,444.35
GDG-00347,Tablet,Lenovo,2021-11-14,8.8,8,256,6828,602.8,Mid-Range,Android,0,3.9,3646,24,574.77
GDG-00348,Tablet,Lenovo,2025-02-21,13.9,6,256,6309,658.3,Mid-Range,Android,1,2.8,365,36,670.82
GDG-00349,Smartphone,Samsung,2024-06-19,5.9,6,256,4271,172.3,Mid-Range,Android,0,3.6,2976,24,616.98
GDG-00350,Smartphone,Xiaomi,2024-11-19,6.6,8,128,5156,232.2,Mid-Range,Android,1,4.5,716,12,425.84
GDG-00351,Wireless Earbuds,JBL,2021-03-31,0.0,0,0,87,45.9,Mid-Range,Proprietary,0,3.8,1111,12,142.21
GDG-00352,Laptop,HP,2025-01-13,14.3,8,256,6319,2015.9,Mid-Range,Windows,0,3.4,28,12,1084.8
GDG-00353,Wireless Earbuds,Bose,2022-04-25,0.0,0,0,103,42.2,Budget,Proprietary,0,3.9,2034,12,133.36
GDG-00354,Smartphone,OnePlus,2025-07-15,6.7,12,128,5351,226.8,Budget,Android,1,3.9,1643,6,351.45
GDG-00355,Tablet,Apple,2026-04-24,11.9,12,512,9609,586.2,Mid-Range,iPadOS,0,3.3,860,24,1056.84
GDG-00356,Tablet,Apple,2023-02-22,11.5,4,256,9429,767.9,Flagship,iPadOS,1,3.3,1913,24,1488.78
GDG-00357,Smartphone,Xiaomi,2025-06-29,6.5,4,128,5287,180.0,Mid-Range,Android,1,3.4,1550,12,249.15
GDG-00358,Laptop,HP,2025-11-26,14.8,8,512,8326,1253.9,Budget,Windows,1,4.5,226,6,836.29
GDG-00359,Smartphone,Xiaomi,2022-08-07,5.9,12,128,3828,181.8,High-End,Android,1,4.9,166,12,825.92
GDG-00360,Smartphone,Xiaomi,2026-01-29,6.4,8,256,5201,195.0,Mid-Range,Android,1,3.9,1697,24,518.0
GDG-00361,Smartwatch,Samsung,2022-03-31,1.9,1,16,398,81.3,Budget,WearOS,0,4.2,927,12,179.46
GDG-00362,Laptop,HP,2023-04-30,13.5,8,512,6556,1660.9,Mid-Range,Windows,0,3.3,2727,12,952.29
GDG-00363,Laptop,HP,2022-04-05,13.4,16,1024,8312,1248.6,High-End,Windows,0,4.9,2616,12,1616.79
GDG-00364,Smartwatch,Apple,2021-10-27,1.3,2,32,366,80.6,High-End,watchOS,0,4.2,287,12,465.43
GDG-00365,Smartphone,OnePlus,2023-08-26,6.6,12,256,3784,220.7,Budget,Android,1,3.8,603,24,426.23
GDG-00366,Tablet,Xiaomi,2024-06-14,8.3,4,128,6649,426.8,Budget,Android,0,3.5,2275,12,405.89
GDG-00367,Wireless Earbuds,Sony,2021-11-03,0.0,0,0,105,63.2,Mid-Range,Proprietary,0,4.3,7061,12,133.97
GDG-00368,Smartphone,Xiaomi,2024-05-31,6.4,8,256,3727,222.1,Budget,Android,0,4.4,568,6,351.03
GDG-00369,Smartphone,Xiaomi,2021-09-07,5.9,8,256,4359,211.1,Mid-Range,Android,1,3.2,135,12,603.86
GDG-00370,Smartphone,Google,2021-05-09,5.9,8,256,5353,200.0,High-End,Android,1,4.4,890,12,770.03
GDG-00371,Smartwatch,Xiaomi,2024-01-03,1.2,1,8,483,62.5,High-End,Proprietary,0,4.4,2881,24,248.02
GDG-00372,Laptop,Dell,2025-01-11,13.9,16,512,6258,1102.3,High-End,Windows,0,3.7,1527,12,1660.62
GDG-00373,Smartphone,Xiaomi,2022-01-19,6.5,8,256,3675,201.9,Budget,Android,1,4.1,1658,12,421.0
GDG-00374,Laptop,Dell,2023-12-14,15.5,32,512,7721,2582.5,Mid-Range,Windows,0,4.1,1429,12,1605.39
GDG-00375,Wireless Earbuds,Bose,2023-08-21,0.0,0,0,40,54.1,Mid-Range,Proprietary,0,3.6,1438,12,63.77
GDG-00376,Laptop,Dell,2023-02-04,14.3,32,1024,4566,1635.6,High-End,Linux,0,4.4,126,12,2251.74
GDG-00377,Smartphone,Google,2024-09-07,6.5,6,128,5080,206.6,Budget,Android,1,3.7,2101,12,376.55
GDG-00378,Tablet,Xiaomi,2021-10-01,8.6,12,512,10472,541.9,Mid-Range,Android,1,3.7,6689,24,870.71
GDG-00379,Tablet,Lenovo,2025-08-28,13.2,8,512,9806,773.1,High-End,Android,0,3.7,449,12,1342.8
GDG-00380,Wireless Earbuds,Samsung,2022-01-09,0.0,0,0,52,36.9,Mid-Range,Proprietary,0,4.4,465,12,101.98
GDG-00381,Smartphone,Samsung,2025-05-09,6.8,6,128,3575,183.5,High-End,Android,1,4.2,3359,12,625.94
GDG-00382,Laptop,Lenovo,2021-03-31,16.5,64,1024,8128,1162.9,Mid-Range,Windows,0,3.6,606,12,3268.83
GDG-00383,Laptop,Lenovo,2025-07-28,15.5,8,512,5537,1154.9,Flagship,Windows,0,4.6,1094,6,2008.04
GDG-00384,Laptop,Dell,2025-11-01,16.4,32,256,8046,2083.6,Mid-Range,Windows,0,4.1,82,12,1735.95
GDG-00385,Wireless Earbuds,Sony,2023-06-14,0.0,0,0,86,57.3,Mid-Range,Proprietary,0,4.0,655,12,145.76
GDG-00386,Smartphone,Samsung,2026-01-07,6.9,8,128,4194,237.9,High-End,Android,1,4.5,2200,24,871.61
GDG-00387,Wireless Earbuds,Samsung,2023-10-14,0.0,0,0,98,46.0,Mid-Range,Proprietary,0,3.9,1249,6,170.05
GDG-00388,Smartwatch,Xiaomi,2025-06-21,1.6,1,8,262,70.5,Mid-Range,Proprietary,0,3.7,1135,24,120.02
GDG-00389,Tablet,Samsung,2021-06-11,11.0,6,1024,7478,616.4,Mid-Range,Android,0,4.4,1946,24,951.13
GDG-00390,Smartphone,Xiaomi,2021-06-13,6.2,12,256,4105,184.5,Budget,Android,1,4.0,2270,6,477.88
GDG-00391,Smartphone,OnePlus,2023-05-23,6.0,8,256,4409,188.1,Flagship,Android,1,4.1,299,12,845.71
GDG-00392,Laptop,Dell,2021-03-28,16.2,16,512,8233,1628.8,Budget,Windows,0,3.6,1209,12,980.54
GDG-00393,Smartphone,Samsung,2025-06-09,6.8,6,256,3653,213.7,Mid-Range,Android,1,3.9,518,24,519.61
GDG-00394,Smartphone,Samsung,2023-11-17,6.7,8,256,4891,172.8,High-End,Android,1,3.7,1834,12,836.01
GDG-00395,Smartphone,Google,2021-03-05,6.0,6,64,4744,214.2,Mid-Range,Android,1,3.6,2088,6,280.95
GDG-00396,Laptop,Apple,2021-09-16,13.6,8,512,7688,2067.7,Budget,macOS,0,3.4,1753,24,1169.52
GDG-00397,Smartphone,OnePlus,2026-04-29,6.4,8,128,4739,172.3,Mid-Range,Android,1,3.8,553,24,532.72
GDG-00398,Laptop,Asus,2023-01-30,14.8,16,1024,7625,1215.3,Mid-Range,Windows,0,3.8,878,24,1614.88
GDG-00399,Laptop,Asus,2022-10-06,15.9,16,512,5522,2540.8,Mid-Range,Linux,0,3.4,260,12,1311.61
GDG-00400,Smartphone,OnePlus,2023-11-27,6.2,12,256,4650,169.4,Mid-Range,Android,1,4.6,571,24,726.05
GDG-00401,Smartphone,Samsung,2024-12-12,6.3,4,256,4753,182.8,Mid-Range,Android,1,4.0,246,12,533.89
GDG-00402,Smartphone,OnePlus,2023-10-03,6.0,6,128,3777,228.2,High-End,Android,1,4.7,1679,12,570.96
GDG-00403,Laptop,HP,2023-07-15,14.0,16,1024,7421,1767.7,Budget,Linux,0,3.5,2883,12,991.44
GDG-00404,Laptop,Apple,2025-09-28,17.2,16,1024,7235,1621.1,High-End,macOS,0,4.2,3298,12,3221.68
GDG-00405,Smartwatch,Samsung,2024-01-16,1.4,1,8,373,77.1,Budget,WearOS,0,2.9,1160,24,158.82
GDG-00406,Laptop,HP,2024-12-28,16.1,8,512,7368,2056.6,Budget,Windows,0,3.7,225,6,964.5
GDG-00407,Laptop,Apple,2021-09-06,17.2,16,1024,7744,1308.3,Mid-Range,macOS,0,4.0,1147,12,2038.02
GDG-00408,Smartphone,Xiaomi,2021-02-23,6.2,6,256,4672,189.5,High-End,Android,1,4.3,3161,12,644.26
GDG-00409,Smartphone,OnePlus,2025-07-04,6.9,8,256,3765,209.0,High-End,Android,1,3.7,51,36,617.21
GDG-00410,Smartwatch,Garmin,2021-06-26,1.3,1,16,423,85.0,Mid-Range,Proprietary,0,3.4,1174,12,158.1
GDG-00411,Laptop,Dell,2025-01-12,15.2,8,512,6182,2253.7,Flagship,Windows,0,5.0,526,12,1965.81
GDG-00412,Smartwatch,Xiaomi,2022-10-12,1.7,1,16,450,56.7,Mid-Range,Proprietary,0,3.3,2174,24,154.7
GDG-00413,Smartphone,Samsung,2023-11-26,6.2,4,64,5298,226.3,Flagship,Android,1,3.7,210,36,773.08
GDG-00414,Laptop,Dell,2024-02-04,15.9,8,256,5245,2251.7,Budget,Windows,0,4.1,397,12,829.3
GDG-00415,Smartphone,Xiaomi,2025-11-14,5.9,4,64,3754,201.4,High-End,Android,1,3.8,650,12,468.26
GDG-00416,Tablet,Xiaomi,2022-09-15,9.3,6,128,8643,756.5,High-End,Android,0,3.8,1584,24,705.03
GDG-00417,Laptop,Asus,2026-04-25,17.1,8,512,8165,1526.1,High-End,Linux,0,4.3,829,12,1160.17
GDG-00418,Laptop,Apple,2024-02-03,14.4,8,512,7060,1554.2,Budget,macOS,0,4.1,1599,12,1127.79
GDG-00419,Wireless Earbuds,JBL,2023-10-27,0.0,0,0,117,40.1,High-End,Proprietary,0,4.3,649,12,232.28
GDG-00420,Wireless Earbuds,Samsung,2026-04-13,0.0,0,0,109,39.6,High-End,Proprietary,0,3.8,763,12,203.64
GDG-00421,Wireless Earbuds,Bose,2024-09-11,0.0,0,0,114,56.6,Budget,Proprietary,0,3.9,1458,12,125.87
GDG-00422,Tablet,Xiaomi,2024-05-24,10.4,4,128,10617,434.8,Budget,Android,1,3.7,2064,36,418.13
GDG-00423,Smartphone,Samsung,2021-06-16,5.9,6,64,4813,221.7,Mid-Range,Android,0,3.7,749,12,470.46
GDG-00424,Laptop,Apple,2022-03-08,16.4,16,1024,6206,2027.2,Budget,macOS,0,3.9,2729,24,1530.95
GDG-00425,Smartphone,Apple,2025-12-26,6.5,6,64,4093,211.4,Mid-Range,iOS,1,2.7,2220,12,425.31
GDG-00426,Smartphone,OnePlus,2022-05-17,6.7,8,256,4902,192.5,Mid-Range,Android,1,3.5,35,12,458.38
GDG-00427,Smartphone,Apple,2024-11-11,5.9,12,128,4400,193.2,Mid-Range,iOS,1,3.3,1173,12,848.53
GDG-00428,Wireless Earbuds,Bose,2022-11-28,0.0,0,0,112,39.3,Budget,Proprietary,0,3.2,1797,6,121.28
GDG-00429,Smartwatch,Garmin,2025-10-31,1.8,1,16,396,83.7,Mid-Range,Proprietary,0,4.0,1150,12,187.31
GDG-00430,Smartphone,Apple,2021-09-25,6.6,8,128,4554,204.9,Mid-Range,iOS,1,3.9,308,12,505.56
GDG-00431,Laptop,Asus,2023-08-14,13.8,8,256,6341,1471.9,Flagship,Linux,0,4.3,135,12,2086.74
GDG-00432,Wireless Earbuds,Apple,2023-02-26,0.0,0,0,113,47.5,Mid-Range,Proprietary,0,3.5,471,12,102.48
GDG-00433,Smartphone,Samsung,2025-11-08,6.8,8,128,5166,186.2,Budget,Android,1,3.7,1302,6,505.23
GDG-00434,Wireless Earbuds,Bose,2022-10-03,0.0,0,0,59,57.9,Mid-Range,Proprietary,0,3.7,362,24,118.61
GDG-00435,Laptop,Apple,2023-10-18,17.3,16,512,6412,1848.1,Mid-Range,macOS,0,4.0,1578,12,1838.64
GDG-00436,Smartwatch,Garmin,2021-02-17,1.3,1,32,421,58.8,Flagship,Proprietary,1,4.1,1307,12,364.82
GDG-00437,Smartphone,Apple,2022-03-17,6.4,4,256,3599,164.0,Budget,iOS,1,2.7,3000,24,451.54
GDG-00438,Smartphone,Apple,2025-12-13,6.7,8,256,4877,197.6,High-End,iOS,1,4.0,79,12,1113.38
GDG-00439,Smartphone,Samsung,2024-01-05,5.8,4,256,3720,194.5,Budget,Android,1,3.7,3146,12,418.35
GDG-00440,Smartphone,Xiaomi,2025-01-29,6.2,4,256,4325,189.3,Mid-Range,Android,1,4.2,356,12,374.2
GDG-00441,Smartphone,Google,2024-03-13,6.4,8,128,4242,204.3,Flagship,Android,1,4.6,2830,12,712.04
GDG-00442,Laptop,Asus,2021-05-31,14.8,32,1024,6344,2246.6,Mid-Range,Windows,1,3.5,2054,24,1671.96
GDG-00443,Smartphone,Google,2024-10-25,6.5,8,128,3763,238.0,Budget,Android,1,3.3,1319,24,307.47
GDG-00444,Smartwatch,Huawei,2025-06-16,2.0,1,16,505,81.8,Mid-Range,Proprietary,0,3.3,1979,24,198.33
GDG-00445,Smartphone,Google,2025-03-27,6.0,6,128,4733,200.7,High-End,Android,1,4.2,2122,12,547.25
GDG-00446,Smartphone,Samsung,2023-10-22,5.8,8,128,3579,171.0,Budget,Android,1,3.5,650,12,368.8
GDG-00447,Smartwatch,Apple,2023-08-29,1.6,1,8,296,64.1,Budget,watchOS,0,3.7,934,6,173.01
GDG-00448,Smartphone,Google,2023-11-22,6.0,16,128,5407,209.0,Budget,Android,0,4.2,1049,24,566.11
GDG-00449,Smartphone,OnePlus,2024-06-16,6.6,6,128,4112,207.5,High-End,Android,1,4.6,848,12,647.17
GDG-00450,Smartphone,Xiaomi,2023-11-05,6.7,4,64,4590,199.2,Mid-Range,Android,1,4.8,365,12,358.15
GDG-00451,Laptop,Apple,2023-08-31,16.6,16,1024,6008,1596.9,High-End,macOS,0,5.0,90,12,2744.31
GDG-00452,Smartphone,Xiaomi,2023-05-04,6.4,6,256,5131,231.9,High-End,Android,1,4.8,1391,12,768.63
GDG-00453,Laptop,Asus,2025-11-22,16.1,8,512,4609,1995.4,High-End,Windows,0,3.7,1664,12,1523.64
GDG-00454,Smartphone,OnePlus,2025-05-09,6.4,8,64,3966,217.7,Mid-Range,Android,1,4.3,796,24,369.46
GDG-00455,Smartphone,Google,2021-12-16,6.4,8,256,4976,209.6,Budget,Android,1,4.3,1818,12,410.42
GDG-00456,Smartwatch,Garmin,2021-10-30,1.9,2,16,344,33.7,Mid-Range,Proprietary,0,4.3,232,6,198.76
GDG-00457,Smartphone,OnePlus,2026-04-26,6.6,6,512,3890,161.5,Mid-Range,Android,1,3.7,1520,12,491.73
GDG-00458,Laptop,HP,2021-11-07,15.0,16,512,5335,1715.6,Flagship,Windows,1,4.3,435,6,2363.42
GDG-00459,Smartphone,Xiaomi,2025-11-23,6.7,6,128,4989,165.0,Flagship,Android,1,4.2,1399,24,693.14
GDG-00460,Tablet,Apple,2021-10-10,11.6,4,64,10594,537.0,Mid-Range,iPadOS,1,3.9,632,12,635.98
GDG-00461,Smartwatch,Garmin,2023-12-13,1.5,2,16,308,56.4,Budget,Proprietary,0,3.9,3808,12,179.02
GDG-00462,Laptop,Apple,2023-12-28,14.7,16,2048,5951,2113.8,Mid-Range,macOS,1,3.3,799,12,2065.85
GDG-00463,Smartphone,Xiaomi,2024-10-26,6.5,12,1024,4919,181.1,Mid-Range,Android,1,3.9,490,12,1094.52
GDG-00464,Laptop,HP,2022-05-20,14.4,16,512,5722,1437.3,High-End,Windows,0,3.9,1333,12,1938.44
GDG-00465,Laptop,Asus,2022-08-15,16.1,32,512,7327,2157.5,High-End,Windows,0,4.8,262,6,2535.76
GDG-00466,Smartphone,Google,2026-03-28,6.8,8,128,4977,181.9,Mid-Range,Android,0,3.2,904,12,477.52
GDG-00467,Smartphone,OnePlus,2024-10-17,6.4,4,64,5334,238.4,Mid-Range,Android,1,3.4,958,12,351.66
GDG-00468,Laptop,Lenovo,2025-05-03,16.5,16,512,5689,1163.1,Flagship,Windows,0,3.6,1284,12,2715.03
GDG-00469,Wireless Earbuds,Samsung,2026-03-08,0.0,0,0,91,54.7,Budget,Proprietary,0,4.1,508,24,129.43
GDG-00470,Laptop,HP,2025-03-11,15.2,8,1024,5327,2341.9,Mid-Range,Windows,0,4.3,1366,12,1002.48
GDG-00471,Smartwatch,Samsung,2022-07-11,1.3,4,8,535,71.3,Mid-Range,WearOS,0,3.4,4196,12,299.68
GDG-00472,Smartphone,Xiaomi,2022-05-06,6.1,6,64,4871,232.4,Budget,Android,0,3.8,160,24,261.7
GDG-00473,Tablet,Samsung,2022-04-22,8.6,6,128,9385,538.9,High-End,Android,0,5.0,1268,6,781.26
GDG-00474,Tablet,Samsung,2024-10-27,13.2,4,64,6042,767.2,High-End,Android,1,3.9,908,12,786.44
GDG-00475,Tablet,Apple,2021-11-20,10.9,6,64,9896,591.9,Budget,iPadOS,0,4.1,87,12,539.88
GDG-00476,Laptop,Apple,2022-08-12,14.6,8,512,7145,1188.7,Budget,macOS,0,3.1,1376,12,1204.49
GDG-00477,Smartphone,Google,2024-08-28,6.4,4,128,4595,219.1,Mid-Range,Android,1,3.2,115,24,460.57
GDG-00478,Smartwatch,Apple,2021-03-18,1.9,1,16,309,54.1,High-End,watchOS,0,4.4,1851,12,360.89
GDG-00479,Wireless Earbuds,Apple,2025-09-12,0.0,0,0,57,63.0,Mid-Range,Proprietary,0,3.2,1956,12,156.5
GDG-00480,Laptop,HP,2021-03-16,17.3,32,256,6126,2281.9,Budget,Windows,0,4.3,516,24,1453.03
GDG-00481,Smartphone,OnePlus,2025-11-22,6.8,4,128,5295,163.0,Mid-Range,Android,0,4.4,82,12,304.2
GDG-00482,Tablet,Xiaomi,2024-05-19,9.0,12,256,8744,522.4,High-End,Android,1,3.7,281,12,938.69
GDG-00483,Laptop,Dell,2024-01-18,15.4,16,1024,8142,2507.8,High-End,Windows,0,4.9,3817,12,1540.79
GDG-00484,Laptop,Asus,2022-01-30,16.5,16,256,5854,1343.7,Budget,Windows,0,4.0,1874,12,1045.34
GDG-00485,Tablet,Lenovo,2022-01-17,8.4,4,128,8761,704.7,High-End,Android,0,4.0,286,12,605.64
GDG-00486,Smartphone,OnePlus,2025-03-31,6.0,12,128,4751,228.5,Flagship,Android,1,3.6,23,6,980.65
GDG-00487,Laptop,HP,2026-01-12,14.9,8,512,6251,1872.9,Flagship,Linux,0,4.4,2811,12,1982.79
GDG-00488,Laptop,Dell,2022-01-14,17.2,32,512,6455,1585.4,Flagship,Windows,0,4.2,547,36,2626.6
GDG-00489,Smartwatch,Garmin,2022-04-28,1.6,4,8,356,82.6,Budget,Proprietary,0,3.3,238,6,202.48
GDG-00490,Smartphone,Apple,2022-09-11,6.4,4,128,4673,160.9,Mid-Range,iOS,1,4.0,1580,12,520.45
GDG-00491,Smartphone,OnePlus,2024-11-19,6.1,4,256,4867,169.5,Budget,Android,1,3.3,158,12,356.35
GDG-00492,Smartwatch,Huawei,2023-04-11,1.7,1,32,580,72.8,Mid-Range,Proprietary,0,3.8,320,12,224.94
GDG-00493,Laptop,Lenovo,2024-11-14,13.8,16,512,8252,2511.0,Mid-Range,Windows,0,3.9,1971,24,1407.73
GDG-00494,Smartphone,Samsung,2021-10-01,6.3,8,128,4431,219.8,High-End,Android,1,4.8,1023,6,831.9
GDG-00495,Laptop,Lenovo,2024-05-25,14.8,8,256,7375,1923.9,Mid-Range,Windows,0,3.3,1342,12,918.21
GDG-00496,Laptop,HP,2024-09-22,16.6,16,256,7620,1471.2,Mid-Range,Windows,1,3.3,1028,12,1605.26
GDG-00497,Smartwatch,Garmin,2021-06-17,1.6,2,16,490,69.3,Mid-Range,Proprietary,0,3.4,1020,24,237.99
GDG-00498,Smartwatch,Huawei,2021-06-09,1.9,1,8,277,35.3,Mid-Range,Proprietary,0,3.2,880,12,199.41
GDG-00499,Smartphone,Xiaomi,2024-01-27,6.8,8,64,3914,205.8,Mid-Range,Android,0,3.8,244,12,453.08
GDG-00500,Smartphone,Samsung,2022-11-03,6.7,6,128,4404,169.3,High-End,Android,1,3.7,401,12,722.35
GDG-00501,Smartphone,Samsung,2022-02-25,6.6,8,256,4501,167.3,High-End,Android,1,4.0,2945,12,987.95
GDG-00502,Smartphone,Samsung,2023-11-12,6.3,8,128,3613,196.3,Budget,Android,1,3.3,1083,6,543.15
GDG-00503,Tablet,Lenovo,2023-07-25,11.9,4,128,10577,586.5,Budget,Android,1,3.4,628,24,377.42
GDG-00504,Smartphone,Apple,2025-01-21,5.8,6,128,4021,225.3,Mid-Range,iOS,1,3.0,1488,12,614.93
GDG-00505,Tablet,Lenovo,2024-03-30,8.8,12,1024,9470,544.0,High-End,Android,0,4.6,2556,6,1203.26
GDG-00506,Smartphone,Apple,2021-05-04,6.8,4,512,3641,238.9,Budget,iOS,1,3.4,2927,6,454.33
GDG-00507,Laptop,Asus,2022-08-11,14.9,64,512,7649,1303.1,Budget,Windows,0,4.0,1842,24,2063.32
GDG-00508,Smartwatch,Samsung,2023-05-11,1.5,1,8,415,55.8,Mid-Range,WearOS,0,4.0,1214,12,197.76
GDG-00509,Smartphone,Xiaomi,2026-02-22,6.8,8,256,4269,166.4,Mid-Range,Android,1,3.2,391,12,474.38
GDG-00510,Smartwatch,Apple,2025-11-27,1.6,2,32,554,77.6,Mid-Range,watchOS,0,3.9,3771,12,322.4
GDG-00511,Smartphone,Apple,2021-08-31,6.0,6,256,4600,191.4,Flagship,iOS,1,3.9,812,12,1212.58
GDG-00512,Wireless Earbuds,Samsung,2021-09-18,0.0,0,0,63,60.0,High-End,Proprietary,0,4.1,138,24,153.03
GDG-00513,Smartphone,Apple,2025-03-29,5.8,6,128,4111,197.0,High-End,iOS,1,4.1,248,6,732.45
GDG-00514,Laptop,HP,2025-01-12,15.5,8,1024,6678,1668.9,High-End,Windows,0,4.5,1849,24,1472.7
GDG-00515,Wireless Earbuds,Bose,2021-11-14,0.0,0,0,70,40.7,High-End,Proprietary,0,4.5,2491,12,114.86
GDG-00516,Smartphone,Xiaomi,2025-11-28,6.6,6,64,3731,162.6,Flagship,Android,1,4.0,1369,12,700.88
GDG-00517,Laptop,HP,2024-09-14,15.0,16,512,7637,2504.4,Mid-Range,Windows,0,4.0,1497,12,1317.04
GDG-00518,Tablet,Lenovo,2021-05-18,8.9,12,64,6275,580.7,High-End,Android,1,4.0,1151,12,790.51
GDG-00519,Smartphone,Xiaomi,2025-11-22,5.9,8,128,5016,163.5,High-End,Android,1,3.9,614,12,699.28
GDG-00520,Smartphone,Apple,2023-06-18,6.1,4,128,3944,220.4,Budget,iOS,1,3.8,234,12,328.09
GDG-00521,Smartphone,OnePlus,2021-10-14,6.4,4,128,4092,178.7,Mid-Range,Android,1,3.2,2455,12,221.11
GDG-00522,Laptop,HP,2024-03-25,14.6,8,1024,6949,2258.8,High-End,Windows,0,4.9,750,12,1350.09
GDG-00523,Smartwatch,Huawei,2025-11-30,1.3,2,16,558,59.6,High-End,Proprietary,0,4.5,16,12,271.1
GDG-00524,Laptop,Apple,2023-04-27,14.5,8,256,4749,1935.1,Mid-Range,macOS,0,4.0,168,6,1280.4
GDG-00525,Smartwatch,Apple,2025-02-14,1.9,2,16,540,68.0,Budget,watchOS,0,3.8,1650,12,239.7
GDG-00526,Smartphone,Google,2024-02-13,6.3,4,128,5491,187.6,Flagship,Android,1,4.6,1190,6,601.88
GDG-00527,Laptop,Apple,2024-08-10,16.0,16,512,7718,1886.7,Mid-Range,macOS,0,3.8,807,36,1877.21
GDG-00528,Smartwatch,Samsung,2023-04-17,1.3,4,32,412,41.7,Mid-Range,WearOS,0,3.6,523,6,323.54
GDG-00529,Laptop,Lenovo,2024-01-07,15.2,8,1024,7978,1438.0,Budget,Windows,0,3.9,685,6,765.83
GDG-00530,Smartphone,OnePlus,2023-08-07,6.8,12,128,4651,193.0,High-End,Android,1,4.1,3694,6,679.01
GDG-00531,Smartphone,Apple,2023-05-04,6.4,8,256,3774,191.1,Mid-Range,iOS,0,4.0,415,12,730.99
GDG-00532,Smartphone,Samsung,2022-11-08,6.5,8,128,5388,196.0,Budget,Android,1,3.6,236,24,486.82
GDG-00533,Smartphone,Google,2024-01-02,6.6,12,512,3890,164.1,High-End,Android,1,3.8,424,12,888.82
GDG-00534,Smartphone,Xiaomi,2023-02-12,6.5,6,128,4734,163.2,High-End,Android,1,4.6,650,12,586.36
GDG-00535,Smartphone,Samsung,2021-05-30,6.0,6,128,5059,207.0,Budget,Android,1,3.8,251,12,379.92
GDG-00536,Wireless Earbuds,Bose,2022-03-21,0.0,0,0,96,41.3,Mid-Range,Proprietary,0,4.3,1176,12,135.23
GDG-00537,Laptop,Lenovo,2026-02-01,14.6,8,256,8419,2463.5,Mid-Range,Windows,0,4.1,1996,6,1011.94
GDG-00538,Smartphone,Google,2025-02-27,5.9,6,128,5044,198.3,Mid-Range,Android,0,4.0,592,12,483.67
GDG-00539,Smartphone,Samsung,2024-05-22,6.6,12,256,4312,233.2,Mid-Range,Android,1,3.9,1511,12,871.21
GDG-00540,Laptop,Dell,2025-05-08,14.4,8,1024,6409,1900.5,Budget,Windows,0,3.4,45,12,1030.75
GDG-00541,Smartphone,Samsung,2023-11-17,6.8,6,64,4454,167.9,High-End,Android,1,3.6,293,12,632.51
GDG-00542,Smartphone,Apple,2025-01-19,6.3,6,128,5219,185.6,Budget,iOS,0,3.7,226,36,502.83
GDG-00543,Smartphone,Xiaomi,2022-10-03,6.3,6,128,4652,229.1,Budget,Android,1,4.2,1112,12,282.42
GDG-00544,Tablet,Apple,2021-02-03,9.9,16,256,10784,628.5,Mid-Range,iPadOS,0,3.9,76,12,1298.11
GDG-00545,Laptop,HP,2021-11-09,14.1,8,512,5442,1669.8,High-End,Windows,0,4.6,1189,24,1208.04
GDG-00546,Smartphone,Apple,2024-09-02,6.8,8,256,4191,180.6,Flagship,iOS,1,4.6,697,24,1216.68
GDG-00547,Smartphone,Google,2025-08-10,6.3,8,128,4981,211.3,High-End,Android,1,4.2,1653,12,577.93
GDG-00548,Smartphone,Samsung,2023-10-02,6.3,6,256,5000,223.6,Mid-Range,Android,0,3.7,311,12,720.47
GDG-00549,Laptop,Apple,2025-01-15,15.5,16,256,5253,2475.3,High-End,macOS,0,4.4,788,24,2329.16
GDG-00550,Laptop,HP,2024-08-07,17.1,16,512,6646,1150.7,Mid-Range,Windows,1,4.0,81,6,903.57
GDG-00551,Smartphone,OnePlus,2024-09-30,5.9,8,256,3513,193.0,High-End,Android,1,3.9,1115,12,709.24
GDG-00552,Smartwatch,Xiaomi,2025-09-22,1.7,1,64,254,69.5,Mid-Range,Proprietary,0,5.0,250,12,198.53
GDG-00553,Tablet,Samsung,2021-01-19,9.7,6,128,9735,554.4,Mid-Range,Android,1,4.2,2460,6,617.33
GDG-00554,Smartwatch,Garmin,2024-09-27,1.9,1,32,467,66.9,High-End,Proprietary,0,4.5,167,12,315.02
GDG-00555,Smartphone,Samsung,2021-02-02,5.8,6,256,4629,192.9,Budget,Android,0,4.2,700,36,474.92
GDG-00556,Smartwatch,Xiaomi,2025-01-19,1.4,1,16,366,32.9,Budget,Proprietary,0,4.0,804,6,152.55
GDG-00557,Smartphone,Samsung,2025-07-24,6.6,8,512,4381,224.5,Mid-Range,Android,1,3.9,1738,12,786.23
GDG-00558,Smartphone,Xiaomi,2021-08-08,6.8,4,128,4573,171.9,Mid-Range,Android,0,3.5,190,12,278.83
GDG-00559,Tablet,Xiaomi,2023-12-15,9.9,4,128,8903,516.2,Budget,Android,0,4.6,403,12,352.7
GDG-00560,Smartphone,Google,2023-02-04,6.9,8,128,4440,205.2,Flagship,Android,1,4.1,3053,6,614.48
GDG-00561,Laptop,Dell,2024-11-28,14.2,8,512,7301,2342.1,Budget,Linux,1,3.6,411,12,717.22
GDG-00562,Laptop,Dell,2024-08-23,16.3,8,1024,4882,1707.9,Budget,Windows,0,3.6,858,24,847.35
GDG-00563,Smartphone,Samsung,2024-07-28,5.8,8,128,3850,166.6,Mid-Range,Android,1,3.3,1538,12,406.88
GDG-00564,Wireless Earbuds,Sony,2024-08-13,0.0,0,0,77,52.0,Mid-Range,Proprietary,0,3.8,730,12,103.03
GDG-00565,Laptop,HP,2025-10-24,17.2,8,512,8165,1892.2,High-End,Linux,0,5.0,416,12,1567.79
GDG-00566,Tablet,Samsung,2025-11-13,12.7,6,256,10643,591.2,Mid-Range,Android,0,3.3,3117,6,671.93
GDG-00567,Laptop,Apple,2021-06-02,16.0,8,256,5648,2449.0,Mid-Range,macOS,0,3.5,884,12,1262.84
GDG-00568,Smartwatch,Samsung,2021-03-09,1.3,4,16,381,32.8,Budget,WearOS,0,3.9,1394,24,194.41
GDG-00569,Laptop,Asus,2022-03-01,15.6,8,512,7581,2331.0,High-End,Windows,1,3.9,395,12,1509.16
GDG-00570,Tablet,Xiaomi,2022-09-05,9.3,8,256,7969,624.0,Flagship,Android,1,4.0,1709,12,1010.92
GDG-00571,Smartphone,Samsung,2024-10-18,6.8,16,128,4179,190.7,Flagship,Android,1,3.6,2269,12,1335.31
GDG-00572,Wireless Earbuds,Bose,2025-02-23,0.0,0,0,52,58.7,Flagship,Proprietary,0,4.4,474,6,181.62
GDG-00573,Smartphone,Apple,2024-11-12,6.6,8,512,4525,219.6,Budget,iOS,1,3.6,187,24,808.56
GDG-00574,Smartwatch,Samsung,2021-07-20,1.5,2,8,258,50.1,Mid-Range,WearOS,0,3.4,305,12,263.3
GDG-00575,Wireless Earbuds,Samsung,2025-04-24,0.0,0,0,113,63.6,Budget,Proprietary,0,4.1,94,12,137.5
GDG-00576,Smartphone,Google,2023-03-24,6.9,12,64,4168,162.4,Flagship,Android,1,3.5,342,12,819.31
GDG-00577,Laptop,HP,2022-07-14,16.4,32,256,6345,1835.9,Budget,Windows,1,3.5,615,12,1531.8
GDG-00578,Laptop,Asus,2023-06-04,14.0,8,512,6899,2091.0,Budget,Linux,0,3.8,540,12,690.74
GDG-00579,Smartphone,Xiaomi,2025-06-23,6.1,8,64,3650,166.6,Mid-Range,Android,0,3.6,111,12,475.2
GDG-00580,Laptop,Dell,2024-12-28,16.4,8,1024,5131,2209.5,Flagship,Windows,0,4.2,461,12,2453.89
GDG-00581,Tablet,Apple,2021-01-11,14.2,6,256,9643,549.6,High-End,iPadOS,0,4.6,788,12,1226.53
GDG-00582,Wireless Earbuds,Apple,2021-09-29,0.0,0,0,46,40.6,Budget,Proprietary,0,4.3,100,12,81.54
GDG-00583,Laptop,Asus,2023-07-09,15.5,32,512,6598,1712.1,Budget,Linux,0,3.8,775,24,1097.73
GDG-00584,Smartphone,Samsung,2021-07-10,6.5,8,256,5106,186.0,Budget,Android,1,3.6,23,12,577.4
GDG-00585,Smartphone,OnePlus,2022-08-21,6.3,6,128,5095,166.8,Mid-Range,Android,1,4.5,174,36,425.67
GDG-00586,Laptop,HP,2026-01-28,17.3,8,256,5494,1957.9,Budget,Windows,0,3.3,3310,12,791.14
GDG-00587,Smartphone,Samsung,2021-10-12,6.1,8,256,4049,199.4,Budget,Android,0,2.8,792,12,570.24
GDG-00588,Tablet,Apple,2023-06-10,10.0,6,512,8455,594.3,High-End,iPadOS,0,3.9,2668,12,1321.93
GDG-00589,Laptop,Apple,2022-05-31,17.1,16,2048,7452,2037.6,Mid-Range,macOS,0,3.5,118,12,2283.81
GDG-00590,Laptop,HP,2022-02-05,15.1,8,256,5054,1557.0,Mid-Range,Windows,0,4.0,1030,24,971.7
GDG-00591,Smartphone,Samsung,2024-06-24,6.2,8,256,5265,186.4,Flagship,Android,1,4.3,1877,6,1212.25
GDG-00592,Laptop,Asus,2022-11-17,15.0,8,1024,7873,2389.3,High-End,Windows,0,4.1,146,12,1513.37
GDG-00593,Smartphone,Xiaomi,2022-10-19,6.5,6,256,4923,176.1,Mid-Range,Android,1,3.3,526,12,444.61
GDG-00594,Smartwatch,Xiaomi,2023-03-27,2.0,1,16,369,70.9,High-End,Proprietary,0,4.5,319,12,207.6
GDG-00595,Smartphone,Xiaomi,2024-07-20,6.3,6,128,4679,222.6,Budget,Android,1,4.3,2486,12,373.3
GDG-00596,Laptop,Dell,2022-07-29,16.6,8,512,6109,1647.5,Mid-Range,Windows,0,3.7,350,36,1187.2
GDG-00597,Wireless Earbuds,Bose,2024-01-23,0.0,0,0,58,55.5,Mid-Range,Proprietary,0,4.0,483,24,121.32
GDG-00598,Smartphone,Google,2024-02-01,5.8,4,256,4989,196.9,Budget,Android,1,3.6,73,24,358.21
GDG-00599,Smartwatch,Samsung,2023-06-17,1.8,4,16,574,35.7,Mid-Range,WearOS,0,3.2,4928,12,407.03
GDG-00600,Smartwatch,Garmin,2025-10-03,1.8,1,16,429,67.7,Mid-Range,Proprietary,0,3.5,1629,12,183.7
GDG-00601,Tablet,Samsung,2021-10-13,12.3,6,128,7982,511.0,High-End,Android,0,4.4,167,6,957.98
GDG-00602,Laptop,Apple,2023-05-17,16.5,16,256,4802,1773.6,Mid-Range,macOS,0,3.5,303,12,1579.59
GDG-00603,Smartwatch,Garmin,2024-04-07,1.5,1,32,479,80.9,Mid-Range,Proprietary,0,4.2,720,12,200.81
GDG-00604,Smartwatch,Garmin,2025-11-17,1.8,1,32,498,33.9,Mid-Range,Proprietary,0,3.8,549,12,215.24
GDG-00605,Smartphone,Xiaomi,2023-01-07,6.6,16,256,5163,203.0,Mid-Range,Android,1,3.6,2428,12,656.91
GDG-00606,Smartphone,Xiaomi,2021-06-24,5.9,6,256,4008,212.6,Mid-Range,Android,1,3.3,1143,24,497.41
GDG-00607,Smartphone,OnePlus,2024-08-18,6.5,6,128,4653,238.7,Budget,Android,1,4.0,964,12,288.28
GDG-00608,Laptop,Lenovo,2023-03-30,17.2,8,1024,5858,2548.6,Mid-Range,Windows,0,3.5,79,12,1217.94
GDG-00609,Laptop,Apple,2022-06-14,14.2,8,512,7559,1878.2,Mid-Range,macOS,0,4.2,2775,12,1210.82
GDG-00610,Laptop,Apple,2024-03-24,14.2,16,512,6032,1686.7,High-End,macOS,0,3.2,56,12,2832.06
GDG-00611,Smartphone,Xiaomi,2024-04-20,6.6,8,128,3808,187.6,Mid-Range,Android,0,4.1,229,12,502.81
GDG-00612,Smartphone,Google,2021-08-03,6.1,8,128,5385,236.9,Mid-Range,Android,0,4.1,180,12,458.04
GDG-00613,Laptop,Dell,2026-04-11,16.2,8,512,5926,1567.8,Mid-Range,Windows,0,3.6,4202,12,1199.53
GDG-00614,Laptop,Lenovo,2023-09-17,14.7,8,512,4899,1757.2,High-End,Windows,0,3.8,3217,6,1251.51
GDG-00615,Smartwatch,Garmin,2022-09-07,1.2,1,16,583,38.1,Budget,Proprietary,0,3.9,881,12,184.08
GDG-00616,Smartphone,Apple,2025-10-06,6.2,6,64,3723,214.2,Flagship,iOS,1,4.0,1465,12,1055.25
GDG-00617,Smartphone,Samsung,2021-12-03,6.8,8,512,5016,179.5,Mid-Range,Android,0,3.2,3231,12,701.49
GDG-00618,Tablet,Lenovo,2021-11-24,10.4,6,256,9492,765.0,Mid-Range,Android,0,4.2,389,12,688.19
GDG-00619,Smartphone,Xiaomi,2023-04-10,6.5,4,128,3881,211.2,Budget,Android,1,3.9,2457,12,279.64
GDG-00620,Laptop,Lenovo,2021-03-01,16.2,32,512,8117,1396.0,Budget,Windows,0,3.6,502,12,1691.7
GDG-00621,Laptop,HP,2024-12-14,14.2,8,1024,5640,2228.5,High-End,Windows,0,3.9,963,6,1185.0
GDG-00622,Smartwatch,Huawei,2021-07-28,1.8,2,8,494,41.9,High-End,Proprietary,0,4.1,621,12,288.12
GDG-00623,Laptop,HP,2022-10-30,14.1,8,512,4966,1493.5,Mid-Range,Windows,0,4.4,1058,12,1105.69
GDG-00624,Smartwatch,Samsung,2024-08-01,1.5,1,8,418,64.4,Mid-Range,WearOS,0,4.0,3962,12,230.73
GDG-00625,Smartphone,OnePlus,2024-04-17,5.9,8,256,4220,227.6,High-End,Android,1,4.6,2173,6,742.93
GDG-00626,Smartwatch,Xiaomi,2024-06-18,1.3,1,64,564,69.4,Mid-Range,Proprietary,0,3.6,233,12,269.86
GDG-00627,Smartphone,Google,2022-09-02,6.8,6,64,4708,166.8,Budget,Android,0,3.5,1696,12,273.87
GDG-00628,Tablet,Lenovo,2021-08-30,9.8,6,256,6958,485.9,High-End,Android,1,3.5,638,36,743.51
GDG-00629,Smartphone,Apple,2023-11-13,6.2,8,128,4721,171.0,Mid-Range,iOS,1,4.0,2728,12,631.99
GDG-00630,Smartwatch,Apple,2022-01-16,1.6,1,16,495,68.8,Mid-Range,watchOS,0,4.0,897,12,226.53
GDG-00631,Smartphone,Google,2024-08-14,6.8,4,128,3854,204.4,Budget,Android,1,3.9,182,12,261.61
GDG-00632,Smartphone,OnePlus,2021-10-15,6.0,4,128,5224,196.1,Mid-Range,Android,0,3.5,310,6,302.91
GDG-00633,Smartphone,OnePlus,2023-01-06,6.8,6,256,4492,170.9,Budget,Android,1,3.9,5753,12,433.78
GDG-00634,Smartwatch,Garmin,2024-02-25,1.6,1,8,473,53.7,High-End,Proprietary,0,4.4,318,24,221.78
GDG-00635,Tablet,Xiaomi,2023-10-05,10.9,6,128,9636,595.9,Mid-Range,Android,0,3.5,3316,24,629.63
GDG-00636,Smartphone,OnePlus,2021-03-05,6.7,8,128,3951,183.4,Budget,Android,0,4.0,19,12,337.77
GDG-00637,Smartphone,Samsung,2024-01-07,6.1,6,256,5098,196.6,Budget,Android,1,3.7,336,12,473.64
GDG-00638,Laptop,Dell,2025-04-18,15.3,8,1024,6592,1269.8,Budget,Windows,0,3.6,8821,12,992.81
GDG-00639,Smartphone,Apple,2025-08-14,6.9,12,128,4610,225.8,Flagship,iOS,1,4.3,4564,36,1345.9
GDG-00640,Smartphone,Xiaomi,2021-03-27,6.6,6,256,4403,203.7,Budget,Android,1,3.7,517,36,330.47
GDG-00641,Laptop,Apple,2021-07-29,16.2,32,256,7177,2227.0,High-End,macOS,0,3.8,1575,24,3388.87
GDG-00642,Smartphone,OnePlus,2021-03-08,6.3,6,256,4213,229.0,High-End,Android,1,4.4,552,12,560.46
GDG-00643,Smartphone,Xiaomi,2021-06-28,6.3,6,256,3740,222.1,Flagship,Android,1,4.1,1100,24,946.68
GDG-00644,Laptop,Dell,2022-05-01,14.1,32,256,7521,1981.9,Budget,Windows,0,3.8,1253,12,1279.47
GDG-00645,Laptop,Lenovo,2024-07-19,15.0,8,512,7023,1308.9,High-End,Windows,0,4.0,201,6,1621.13
GDG-00646,Smartphone,Samsung,2021-05-02,6.4,8,128,4590,182.5,Mid-Range,Android,1,4.1,203,24,609.03
GDG-00647,Smartphone,Samsung,2022-10-25,6.9,6,128,4099,183.1,Budget,Android,0,3.5,1107,12,394.77
GDG-00648,Smartphone,Xiaomi,2025-10-24,6.4,6,128,5343,214.3,Mid-Range,Android,0,4.3,6538,12,334.92
GDG-00649,Laptop,Dell,2025-03-17,16.4,32,512,8263,1188.9,Flagship,Windows,0,4.8,828,12,3352.85
GDG-00650,Laptop,HP,2024-12-07,16.8,32,512,5522,1319.4,Mid-Range,Windows,0,3.8,1231,24,1895.61
GDG-00651,Laptop,Dell,2025-09-24,16.0,16,256,6504,1313.3,Flagship,Windows,0,4.2,773,24,2163.6
GDG-00652,Wireless Earbuds,Sony,2023-02-08,0.0,0,0,92,37.3,Mid-Range,Proprietary,0,3.8,5021,12,106.61
GDG-00653,Smartphone,Apple,2025-06-16,6.8,6,128,3690,192.2,High-End,iOS,1,3.5,4342,6,740.77
GDG-00654,Laptop,Asus,2025-03-16,14.4,8,256,8335,2416.0,Budget,Windows,0,4.3,301,12,864.87
GDG-00655,Smartphone,Google,2024-04-06,5.8,12,128,5085,227.8,Budget,Android,0,3.6,442,12,464.05
GDG-00656,Wireless Earbuds,Samsung,2023-07-28,0.0,0,0,116,54.9,Mid-Range,Proprietary,0,3.4,2766,12,162.15
GDG-00657,Smartphone,Apple,2023-01-04,6.7,12,128,5129,202.8,Mid-Range,iOS,0,4.4,2748,24,783.66
GDG-00658,Smartphone,Google,2023-05-30,6.7,8,128,4513,181.5,Budget,Android,1,3.8,206,24,388.43
GDG-00659,Smartphone,Xiaomi,2022-11-23,6.4,8,256,3767,205.3,Budget,Android,1,3.8,1330,24,439.91
GDG-00660,Smartphone,OnePlus,2022-12-05,6.8,8,256,5061,163.9,Flagship,Android,1,4.3,1755,12,845.44
GDG-00661,Smartphone,Xiaomi,2021-07-23,6.5,6,256,5213,196.8,Mid-Range,Android,0,3.9,3949,12,405.72
GDG-00662,Smartphone,OnePlus,2025-10-23,6.0,4,256,4434,160.1,Budget,Android,1,4.0,897,12,361.93
GDG-00663,Tablet,Xiaomi,2022-02-19,14.6,12,512,7080,737.6,Mid-Range,Android,0,3.7,180,12,952.98
GDG-00664,Smartphone,OnePlus,2025-11-26,6.8,12,256,4061,167.5,Flagship,Android,1,4.0,477,24,1045.24
GDG-00665,Tablet,Samsung,2023-01-09,9.9,6,64,9046,659.2,High-End,Android,1,4.1,1461,24,726.21
GDG-00666,Smartphone,Apple,2021-04-17,6.2,6,128,4125,218.1,Budget,iOS,1,3.3,919,12,372.35
GDG-00667,Smartwatch,Huawei,2023-05-30,1.7,1,8,580,37.0,High-End,Proprietary,0,4.7,3286,12,341.86
GDG-00668,Tablet,Samsung,2022-03-14,11.3,6,128,7087,633.7,High-End,Android,0,4.0,3592,12,886.91
GDG-00669,Smartphone,OnePlus,2023-07-01,5.8,6,256,4924,187.5,Mid-Range,Android,0,4.1,117,12,446.11
GDG-00670,Smartwatch,Garmin,2025-10-28,1.5,1,8,287,57.3,Mid-Range,Proprietary,0,3.7,291,12,194.35
GDG-00671,Smartphone,Xiaomi,2022-04-14,6.2,6,256,4996,224.5,Mid-Range,Android,0,4.8,2061,12,404.07
GDG-00672,Smartphone,Samsung,2023-01-23,6.8,6,128,3780,190.6,Mid-Range,Android,1,3.1,335,12,488.25
GDG-00673,Smartphone,Xiaomi,2025-11-26,5.9,12,128,4886,171.4,Mid-Range,Android,1,3.4,1305,36,619.15
GDG-00674,Smartphone,Samsung,2021-01-18,6.5,6,128,3836,195.2,Mid-Range,Android,1,3.6,2420,12,549.37
GDG-00675,Smartwatch,Garmin,2024-07-10,1.8,1,16,430,64.7,Budget,Proprietary,0,4.4,111,6,150.53
GDG-00676,Smartphone,Google,2023-06-26,6.7,4,256,3677,231.7,High-End,Android,1,5.0,4777,12,402.42
GDG-00677,Smartphone,Samsung,2021-10-14,6.6,8,128,4707,218.4,Budget,Android,1,3.9,1055,12,473.6
GDG-00678,Smartphone,Google,2023-05-30,6.1,6,256,3786,179.8,High-End,Android,1,4.2,34,12,673.66
GDG-00679,Tablet,Xiaomi,2024-08-13,8.8,6,1024,10533,636.4,Mid-Range,Android,1,3.6,82,24,871.69
GDG-00680,Laptop,Lenovo,2022-08-07,16.4,16,512,7328,1140.2,High-End,Windows,1,4.9,844,12,1753.44
GDG-00681,Smartphone,Apple,2022-02-25,6.4,6,64,4543,175.1,Budget,iOS,1,3.7,142,12,407.22
GDG-00682,Wireless Earbuds,Samsung,2024-08-16,0.0,0,0,41,58.5,Mid-Range,Proprietary,0,4.2,380,24,84.97
GDG-00683,Wireless Earbuds,Samsung,2025-06-14,0.0,0,0,65,49.8,Mid-Range,Proprietary,0,3.8,838,12,91.23
GDG-00684,Laptop,Lenovo,2021-08-19,14.3,8,512,7113,1990.9,Flagship,Windows,1,4.5,33,24,2375.81
GDG-00685,Smartphone,Google,2023-01-10,6.8,6,64,3770,190.9,High-End,Android,1,4.0,854,12,482.83
GDG-00686,Smartphone,Google,2025-09-15,6.4,6,256,4248,203.7,Budget,Android,0,4.3,2434,24,437.56
GDG-00687,Tablet,Samsung,2023-08-23,14.3,8,128,6597,426.0,Budget,Android,0,3.7,264,6,536.47
GDG-00688,Smartphone,Apple,2022-06-21,6.0,6,128,5389,164.8,Mid-Range,iOS,1,3.7,972,12,591.32
GDG-00689,Smartwatch,Apple,2023-11-04,1.4,1,16,584,58.6,High-End,watchOS,0,3.7,2814,6,376.67
GDG-00690,Tablet,Lenovo,2023-05-01,11.0,8,128,9295,449.7,Mid-Range,Android,0,4.3,1284,12,769.38
GDG-00691,Smartphone,Google,2024-06-15,6.0,8,128,3671,184.8,Mid-Range,Android,1,3.6,720,12,432.24
GDG-00692,Smartphone,Apple,2022-02-21,6.9,6,256,3818,202.9,Budget,iOS,1,3.3,1468,12,582.67
GDG-00693,Smartphone,Xiaomi,2024-07-23,6.6,6,256,4830,214.5,Mid-Range,Android,0,3.8,555,12,447.39
GDG-00694,Tablet,Apple,2024-12-01,11.1,8,128,7954,440.8,Mid-Range,iPadOS,0,3.7,1557,12,888.22
GDG-00695,Laptop,Dell,2023-06-09,13.8,16,512,7007,2013.2,High-End,Windows,0,3.9,715,12,1650.56
GDG-00696,Smartphone,Xiaomi,2025-02-25,6.0,4,64,3525,216.6,Mid-Range,Android,1,4.5,867,12,330.81
GDG-00697,Smartwatch,Apple,2021-12-02,1.6,1,8,397,59.7,Budget,watchOS,0,3.3,1278,24,209.84
GDG-00698,Laptop,HP,2025-05-23,16.6,16,512,5561,1350.4,Flagship,Windows,0,4.1,60,12,2331.2
GDG-00699,Wireless Earbuds,Sony,2022-07-05,0.0,0,0,50,58.1,Mid-Range,Proprietary,0,3.8,1358,6,108.13
GDG-00700,Laptop,Apple,2021-03-02,14.6,16,512,6258,1508.0,Mid-Range,macOS,0,4.3,855,6,1885.54
GDG-00701,Tablet,Apple,2024-12-29,14.4,12,512,11140,447.7,Mid-Range,iPadOS,0,4.0,4140,24,1366.93
GDG-00702,Laptop,Asus,2023-01-08,13.5,16,1024,8019,1950.3,High-End,Windows,0,4.9,5784,12,1807.69
GDG-00703,Tablet,Samsung,2021-07-30,13.9,6,256,6944,502.2,Budget,Android,0,3.1,494,12,623.08
GDG-00704,Tablet,Apple,2021-04-01,13.7,8,128,6100,508.0,Mid-Range,iPadOS,0,3.9,902,6,923.11
GDG-00705,Laptop,HP,2023-02-24,17.0,8,512,5233,2496.7,Flagship,Windows,0,4.6,281,12,1868.75
GDG-00706,Smartphone,Apple,2026-02-15,6.6,8,128,4842,193.5,High-End,iOS,1,3.5,145,12,975.7
GDG-00707,Smartphone,Apple,2022-10-22,6.1,8,256,5375,217.6,Mid-Range,iOS,0,3.8,1006,12,881.25
GDG-00708,Smartphone,Xiaomi,2021-06-09,6.4,8,256,3744,200.2,High-End,Android,1,3.7,280,12,739.31
GDG-00709,Wireless Earbuds,Apple,2026-01-22,0.0,0,0,41,40.4,Budget,Proprietary,0,3.9,6927,12,106.16
GDG-00710,Smartphone,Apple,2025-07-06,6.4,6,256,3594,236.3,High-End,iOS,1,4.2,2307,12,1055.9
GDG-00711,Smartphone,Apple,2021-05-22,6.8,8,256,5273,182.6,High-End,iOS,1,4.2,1516,24,1029.3
GDG-00712,Laptop,Asus,2025-09-27,14.5,16,512,4853,1929.6,Budget,Linux,0,3.2,3622,12,998.6
GDG-00713,Laptop,Apple,2024-02-29,16.4,8,512,7529,2034.1,Mid-Range,macOS,0,3.2,718,24,1411.77
GDG-00714,Laptop,Dell,2024-04-26,17.2,8,256,7664,2263.8,High-End,Windows,0,4.2,121,24,1348.07
GDG-00715,Smartwatch,Apple,2025-06-19,1.4,1,64,223,81.4,Mid-Range,watchOS,0,3.7,52,6,326.01
GDG-00716,Tablet,Samsung,2021-02-18,9.8,8,1024,8837,648.9,High-End,Android,1,4.0,300,24,1427.84
GDG-00717,Smartphone,OnePlus,2021-01-20,6.8,8,256,3502,220.7,Flagship,Android,1,3.9,2360,12,870.46
GDG-00718,Smartphone,OnePlus,2023-02-10,6.7,12,256,4989,184.6,Budget,Android,0,3.8,1519,12,443.76
GDG-00719,Wireless Earbuds,Apple,2022-05-03,0.0,0,0,88,49.8,Flagship,Proprietary,0,3.5,123,12,266.63
GDG-00720,Laptop,Dell,2021-05-03,17.2,16,512,5083,2167.5,High-End,Linux,1,4.1,374,6,1403.2
GDG-00721,Smartphone,Apple,2026-01-12,6.7,8,512,4345,216.1,Budget,iOS,1,3.3,258,12,641.89
GDG-00722,Smartphone,Google,2025-03-12,5.9,4,256,3695,200.4,High-End,Android,1,3.9,972,12,630.9
GDG-00723,Smartphone,Apple,2024-07-29,6.7,8,512,3653,207.4,Budget,iOS,0,3.2,1024,24,629.73
GDG-00724,Wireless Earbuds,JBL,2024-09-18,0.0,0,0,51,42.1,Mid-Range,Proprietary,0,3.5,1538,12,33.1
GDG-00725,Smartphone,Apple,2022-06-19,6.7,6,128,5396,224.1,Mid-Range,iOS,1,4.0,396,12,627.74
GDG-00726,Smartphone,OnePlus,2025-02-15,6.2,6,256,4427,181.8,Flagship,Android,1,5.0,373,24,577.57
GDG-00727,Tablet,Xiaomi,2021-06-02,14.2,12,256,7115,700.8,Mid-Range,Android,0,3.6,282,12,818.74
GDG-00728,Laptop,Lenovo,2021-11-15,13.7,16,512,6341,1799.1,Mid-Range,Windows,0,4.1,4335,12,1336.12
GDG-00729,Smartphone,Google,2025-04-27,6.0,8,128,4131,197.1,Mid-Range,Android,1,3.5,907,12,472.22
GDG-00730,Smartphone,OnePlus,2021-07-05,6.0,6,256,4905,184.3,Budget,Android,1,4.4,2716,12,373.71
GDG-00731,Laptop,Asus,2024-05-20,13.5,8,1024,7923,2384.9,High-End,Windows,0,4.1,706,12,1266.78
GDG-00732,Laptop,Asus,2022-12-30,14.9,8,512,4700,2115.8,Mid-Range,Windows,1,3.5,1034,12,984.78
GDG-00733,Smartphone,Google,2021-03-05,6.8,6,64,5250,196.2,High-End,Android,1,4.5,1903,12,513.35
GDG-00734,Laptop,Asus,2025-03-13,15.5,8,256,4887,1793.1,Budget,Windows,0,4.2,365,12,832.23
GDG-00735,Laptop,Apple,2021-01-25,13.5,32,512,7698,2573.9,Budget,macOS,0,3.3,955,6,1617.66
GDG-00736,Smartwatch,Xiaomi,2025-08-14,1.5,2,16,571,65.4,High-End,Proprietary,0,4.7,542,24,331.1
GDG-00737,Smartphone,Google,2024-08-13,5.9,6,256,4700,180.7,Budget,Android,1,4.1,351,12,338.86
GDG-00738,Smartphone,Apple,2021-02-14,6.9,8,256,3904,232.2,Budget,iOS,1,4.2,127,12,552.3
GDG-00739,Smartphone,OnePlus,2021-09-21,5.9,12,256,5235,226.3,Mid-Range,Android,1,3.9,35,12,723.33
GDG-00740,Tablet,Lenovo,2021-03-29,14.2,4,512,6414,480.5,Mid-Range,Android,0,3.6,1008,24,613.03
GDG-00741,Smartphone,Xiaomi,2025-08-10,6.6,4,256,4516,162.4,Mid-Range,Android,1,4.3,2319,12,448.4
GDG-00742,Tablet,Apple,2021-12-20,10.5,16,128,7533,519.0,Budget,iPadOS,0,3.1,450,6,943.34
GDG-00743,Smartphone,Apple,2021-11-01,5.8,6,512,4768,209.4,Budget,iOS,1,3.8,1109,12,601.75
GDG-00744,Smartphone,Samsung,2023-10-19,6.3,12,512,4627,198.3,High-End,Android,1,4.1,492,12,1236.8
GDG-00745,Tablet,Samsung,2021-06-29,10.1,8,256,7124,570.9,Budget,Android,1,3.1,193,12,679.19
GDG-00746,Laptop,Asus,2025-06-21,15.4,16,1024,7083,2591.1,Mid-Range,Windows,0,4.4,500,12,1063.15
GDG-00747,Smartphone,OnePlus,2023-02-23,6.7,6,512,4235,198.4,Mid-Range,Android,1,3.7,912,6,527.89
GDG-00748,Smartphone,Samsung,2022-12-06,6.8,8,256,4528,185.7,Mid-Range,Android,0,4.3,252,6,637.99
GDG-00749,Smartphone,Xiaomi,2021-02-23,6.2,6,128,3948,162.3,High-End,Android,1,4.5,804,12,567.33
GDG-00750,Wireless Earbuds,Sony,2025-07-19,0.0,0,0,70,36.8,High-End,Proprietary,0,4.0,1367,12,131.5
GDG-00751,Wireless Earbuds,Bose,2023-08-25,0.0,0,0,102,45.7,Mid-Range,Proprietary,0,3.7,556,12,153.27
GDG-00752,Smartphone,Xiaomi,2024-04-11,6.9,16,512,5494,172.8,Budget,Android,0,3.3,729,12,634.16
GDG-00753,Smartphone,Samsung,2022-05-09,6.1,6,256,5171,223.3,Mid-Range,Android,1,3.9,866,12,508.38
GDG-00754,Wireless Earbuds,Samsung,2025-04-14,0.0,0,0,63,52.3,Mid-Range,Proprietary,0,3.9,613,12,55.89
GDG-00755,Laptop,Asus,2025-06-22,14.9,16,512,8330,2358.8,Mid-Range,Windows,0,3.3,417,12,1085.2
GDG-00756,Smartphone,Samsung,2024-04-28,6.1,8,128,5011,215.8,Mid-Range,Android,1,3.0,3456,24,530.86
GDG-00757,Smartphone,OnePlus,2021-02-27,6.6,6,256,4220,235.8,High-End,Android,1,4.8,2176,24,378.74
GDG-00758,Laptop,Dell,2024-02-29,13.9,32,512,8384,1382.4,Budget,Windows,1,3.7,2364,12,1661.09
GDG-00759,Smartwatch,Xiaomi,2023-10-06,1.6,1,32,309,58.0,Budget,Proprietary,0,4.3,660,36,146.01
GDG-00760,Smartphone,Xiaomi,2021-07-04,5.9,6,256,4732,177.5,Mid-Range,Android,1,4.6,139,24,488.93
GDG-00761,Tablet,Lenovo,2021-01-02,10.4,6,256,11030,492.5,Budget,Android,0,3.6,1271,12,469.4
GDG-00762,Laptop,Dell,2025-01-08,14.0,16,256,7786,2366.4,Budget,Windows,0,4.1,472,24,953.55
GDG-00763,Laptop,HP,2024-04-16,16.1,32,512,5080,2261.5,High-End,Windows,1,4.0,1744,12,2371.03
GDG-00764,Smartphone,Xiaomi,2021-05-29,6.2,8,128,5429,213.0,Flagship,Android,1,4.2,1245,12,939.34
GDG-00765,Smartphone,Xiaomi,2024-04-15,5.9,6,512,4118,185.8,Mid-Range,Android,1,3.5,2812,24,697.27
GDG-00766,Laptop,Asus,2025-02-08,17.1,16,512,7743,2058.9,Budget,Windows,0,4.1,234,12,987.43
GDG-00767,Smartphone,Apple,2024-12-19,6.9,8,256,4920,231.2,High-End,iOS,1,3.7,782,24,836.71
GDG-00768,Smartphone,OnePlus,2024-06-10,6.7,6,128,3957,213.2,Flagship,Android,1,4.5,2925,12,873.11
GDG-00769,Laptop,Lenovo,2025-07-27,14.0,16,512,5756,2201.0,High-End,Windows,0,4.8,524,24,1511.24
GDG-00770,Smartphone,Google,2021-01-04,6.8,4,128,5442,205.8,Budget,Android,1,4.1,40,6,366.99
GDG-00771,Tablet,Lenovo,2025-04-28,14.4,8,128,6265,485.5,Mid-Range,Android,0,4.3,830,6,688.69
GDG-00772,Wireless Earbuds,Apple,2025-07-15,0.0,0,0,113,41.6,Budget,Proprietary,0,3.3,741,24,162.88
GDG-00773,Tablet,Samsung,2024-03-04,9.0,6,256,10064,470.6,Mid-Range,Android,1,4.3,1261,12,654.14
GDG-00774,Wireless Earbuds,Apple,2022-05-03,0.0,0,0,79,64.5,High-End,Proprietary,0,4.4,189,12,209.7
GDG-00775,Tablet,Apple,2021-12-10,12.3,6,128,6726,715.8,Flagship,iPadOS,1,4.1,355,24,1502.92
GDG-00776,Tablet,Xiaomi,2025-02-02,13.9,6,128,9658,424.1,Budget,Android,0,4.6,509,12,428.51
GDG-00777,Smartphone,Samsung,2024-11-20,5.9,6,128,4025,223.0,Budget,Android,1,3.9,855,12,350.88
GDG-00778,Laptop,Apple,2021-04-09,14.8,16,512,7500,1729.5,Mid-Range,macOS,0,4.4,809,12,1716.01
GDG-00779,Smartphone,Xiaomi,2023-04-28,6.3,6,64,4275,188.1,Mid-Range,Android,1,4.0,544,12,334.88
GDG-00780,Tablet,Samsung,2025-08-25,11.3,6,512,10735,654.3,High-End,Android,1,3.4,1324,12,1128.98
GDG-00781,Wireless Earbuds,JBL,2021-11-30,0.0,0,0,92,37.2,High-End,Proprietary,0,4.5,269,12,140.7
GDG-00782,Tablet,Xiaomi,2025-09-29,8.5,4,256,6164,534.7,Mid-Range,Android,1,3.6,827,24,538.22
GDG-00783,Laptop,Dell,2021-06-01,14.7,8,512,8136,1663.2,Mid-Range,Windows,0,3.7,413,12,1075.86
GDG-00784,Smartwatch,Samsung,2026-01-14,2.0,1,64,393,63.5,Flagship,WearOS,1,4.5,1296,12,586.11
GDG-00785,Laptop,Dell,2023-09-16,16.1,16,1024,6266,2513.7,Flagship,Windows,1,3.6,1169,24,2404.88
GDG-00786,Smartphone,OnePlus,2021-11-18,5.9,6,256,4178,176.4,High-End,Android,1,4.7,468,12,401.16
GDG-00787,Smartwatch,Samsung,2022-01-25,1.5,1,16,503,70.3,High-End,WearOS,0,4.8,184,24,381.5
GDG-00788,Smartphone,OnePlus,2025-02-03,6.4,12,128,4852,182.5,Mid-Range,Android,0,3.9,790,36,526.13
GDG-00789,Smartwatch,Xiaomi,2021-04-12,1.5,1,64,501,76.5,Mid-Range,Proprietary,0,3.5,812,12,241.12
GDG-00790,Laptop,Dell,2021-11-11,13.5,16,512,4515,1741.4,Mid-Range,Windows,0,4.9,858,12,1146.21
GDG-00791,Tablet,Lenovo,2024-05-14,11.3,4,128,6794,429.3,Mid-Range,Android,0,3.4,1227,24,572.45
GDG-00792,Smartphone,Apple,2022-08-21,6.9,6,128,4469,227.5,Flagship,iOS,1,3.7,1914,12,833.83
GDG-00793,Smartphone,OnePlus,2022-09-24,6.7,4,256,4464,199.1,Mid-Range,Android,1,4.0,3346,24,511.8
GDG-00794,Wireless Earbuds,Bose,2021-07-06,0.0,0,0,117,51.3,Budget,Proprietary,0,3.7,4307,24,140.08
GDG-00795,Smartphone,Samsung,2022-01-14,6.2,4,256,4281,189.6,Mid-Range,Android,1,3.7,565,12,538.7
GDG-00796,Smartwatch,Samsung,2022-06-24,1.6,4,32,354,44.0,High-End,WearOS,0,4.1,1441,24,408.92
GDG-00797,Smartphone,Samsung,2022-07-05,6.4,6,128,3809,220.2,Budget,Android,1,4.5,366,36,312.77
GDG-00798,Wireless Earbuds,Bose,2021-06-25,0.0,0,0,120,45.3,Mid-Range,Proprietary,0,3.6,1345,6,132.9
GDG-00799,Tablet,Samsung,2024-01-14,10.9,4,128,10831,501.9,Budget,Android,0,3.7,176,12,551.01
GDG-00800,Smartphone,Samsung,2023-03-04,6.7,12,128,4357,237.3,Mid-Range,Android,1,3.7,1132,12,678.93
GDG-00801,Smartphone,Xiaomi,2026-04-02,6.3,8,256,5305,178.9,High-End,Android,1,4.4,515,36,711.32
GDG-00802,Laptop,Apple,2022-09-05,13.6,8,2048,8197,2380.9,Mid-Range,macOS,0,3.3,558,12,1829.7
GDG-00803,Smartphone,Google,2024-03-15,6.8,6,256,5139,205.7,Mid-Range,Android,1,3.7,1516,12,464.59
GDG-00804,Laptop,HP,2021-10-29,13.8,16,512,7601,1773.6,Flagship,Windows,0,4.1,5465,6,2093.47
GDG-00805,Smartwatch,Apple,2022-03-10,1.8,2,8,284,34.3,Mid-Range,watchOS,0,4.5,294,24,178.19
GDG-00806,Smartwatch,Huawei,2021-06-10,2.0,1,16,442,42.7,High-End,Proprietary,0,4.1,3435,12,261.87
GDG-00807,Smartphone,Samsung,2025-08-12,6.5,12,128,5208,207.6,High-End,Android,1,4.2,531,12,1050.14
GDG-00808,Smartphone,Xiaomi,2022-10-17,6.8,6,256,5372,224.6,Mid-Range,Android,0,4.0,66,12,464.81
GDG-00809,Laptop,Dell,2024-02-14,14.9,16,256,5835,2384.9,Budget,Windows,1,4.2,335,12,1082.06
GDG-00810,Smartwatch,Garmin,2021-01-26,1.8,1,16,539,63.1,High-End,Proprietary,0,4.1,266,24,374.28
GDG-00811,Smartwatch,Xiaomi,2025-05-20,1.5,1,8,432,39.9,Mid-Range,Proprietary,0,3.6,555,12,145.01
GDG-00812,Smartwatch,Garmin,2024-03-06,1.7,1,64,271,81.0,Mid-Range,Proprietary,0,4.0,487,6,293.57
GDG-00813,Wireless Earbuds,Apple,2024-02-27,0.0,0,0,47,58.6,Mid-Range,Proprietary,0,3.9,257,12,94.53
GDG-00814,Laptop,HP,2025-11-12,15.4,8,1024,5908,2416.8,Budget,Windows,0,4.1,96,12,793.49
GDG-00815,Laptop,HP,2024-03-17,15.7,16,512,4653,1358.3,Mid-Range,Windows,0,3.7,127,12,1200.32
GDG-00816,Smartphone,Apple,2024-10-26,6.6,6,128,3579,191.7,High-End,iOS,1,4.0,122,12,670.65
GDG-00817,Smartphone,OnePlus,2025-12-06,6.2,8,128,3986,163.9,Budget,Android,1,4.8,1605,6,422.89
GDG-00818,Tablet,Lenovo,2022-07-05,14.0,6,64,6165,541.6,Mid-Range,Android,1,3.9,324,12,563.25
GDG-00819,Smartphone,Samsung,2022-09-29,6.1,6,256,4506,228.7,High-End,Android,1,4.4,236,24,799.56
GDG-00820,Smartphone,Samsung,2024-11-03,5.9,6,256,5279,178.2,Mid-Range,Android,1,4.5,321,12,466.99
GDG-00821,Laptop,Apple,2025-03-04,15.1,16,512,7882,1581.3,Flagship,macOS,0,4.0,1277,12,3609.53
GDG-00822,Smartphone,OnePlus,2024-05-23,6.5,6,64,3884,195.3,Mid-Range,Android,1,4.1,2322,12,456.82
GDG-00823,Laptop,HP,2023-04-14,16.3,8,256,7610,1874.8,Mid-Range,Windows,0,2.6,635,12,992.22
GDG-00824,Laptop,HP,2025-06-09,13.9,32,1024,5774,2164.4,Flagship,Windows,0,4.5,238,12,3373.46
GDG-00825,Smartphone,OnePlus,2023-12-10,6.8,12,128,3559,173.9,Budget,Android,1,4.6,2161,12,457.42
GDG-00826,Smartphone,Samsung,2022-02-16,6.7,8,128,4010,162.6,Budget,Android,0,4.2,261,12,441.79
GDG-00827,Laptop,Dell,2023-01-09,16.1,32,512,5622,1652.5,Mid-Range,Windows,0,3.5,84,12,1881.47
GDG-00828,Laptop,Lenovo,2026-03-06,13.8,32,1024,4625,1462.9,Flagship,Windows,0,4.6,2259,12,2901.85
GDG-00829,Smartphone,OnePlus,2025-11-18,6.3,6,128,4629,188.0,Budget,Android,0,4.1,1882,12,349.85
GDG-00830,Laptop,Apple,2026-01-06,14.3,32,1024,7903,2133.3,Mid-Range,macOS,0,3.6,3918,12,2973.71
GDG-00831,Smartphone,Google,2023-03-03,5.9,8,512,5248,205.8,High-End,Android,1,3.8,765,12,1032.4
GDG-00832,Laptop,Apple,2022-03-15,16.7,8,512,7151,1437.7,Mid-Range,macOS,0,4.3,430,12,1276.14
GDG-00833,Smartphone,Apple,2024-08-27,6.3,4,128,3541,229.2,High-End,iOS,1,4.3,1660,6,567.22
GDG-00834,Smartphone,Xiaomi,2025-04-21,6.6,6,256,4470,232.9,Flagship,Android,1,4.8,1542,12,757.89
GDG-00835,Smartwatch,Xiaomi,2024-08-18,1.3,1,32,224,43.9,High-End,Proprietary,0,4.2,270,24,202.38
GDG-00836,Smartwatch,Samsung,2024-05-30,1.8,2,32,376,69.8,Flagship,WearOS,1,4.0,1607,12,384.07
GDG-00837,Smartphone,Samsung,2022-07-18,6.3,12,128,4271,228.1,Mid-Range,Android,1,4.0,1191,12,577.1
GDG-00838,Smartphone,Xiaomi,2022-03-23,6.3,12,256,4886,201.7,Mid-Range,Android,1,3.8,1236,6,568.24
GDG-00839,Wireless Earbuds,Samsung,2024-04-12,0.0,0,0,48,35.2,Mid-Range,Proprietary,0,4.2,220,12,94.95
GDG-00840,Laptop,Dell,2024-09-18,17.2,8,512,7938,1661.3,Mid-Range,Windows,0,3.4,65,12,1100.52
GDG-00841,Tablet,Apple,2022-09-04,12.6,4,128,9946,443.0,High-End,iPadOS,1,4.3,44,12,954.16
GDG-00842,Smartphone,Samsung,2024-08-04,6.2,6,256,4067,180.9,Mid-Range,Android,1,3.9,807,12,492.64
GDG-00843,Smartwatch,Samsung,2026-01-02,1.7,1,32,316,39.9,Budget,WearOS,0,4.1,1526,12,206.82
GDG-00844,Laptop,Lenovo,2025-04-17,14.3,16,1024,4732,2308.1,High-End,Windows,0,3.7,1349,6,1609.28
GDG-00845,Smartwatch,Samsung,2024-09-14,1.5,1,32,291,70.2,High-End,WearOS,0,4.3,915,12,342.11
GDG-00846,Laptop,Apple,2024-09-04,15.3,8,256,5710,1489.1,Flagship,macOS,0,4.5,1160,12,2555.06
GDG-00847,Smartphone,Samsung,2023-03-07,6.6,6,128,4694,216.6,High-End,Android,1,4.4,1093,24,640.29
GDG-00848,Smartwatch,Garmin,2024-03-17,1.9,2,8,395,70.5,High-End,Proprietary,0,4.3,55,12,223.16
GDG-00849,Smartwatch,Xiaomi,2022-04-01,1.7,1,16,546,73.6,Mid-Range,Proprietary,0,3.0,408,12,172.07
GDG-00850,Smartphone,Xiaomi,2026-01-31,6.8,4,256,4234,200.6,High-End,Android,1,4.0,249,12,547.13
GDG-00851,Laptop,Dell,2025-09-28,14.0,8,512,7193,2414.7,Budget,Windows,0,4.1,914,12,820.15
GDG-00852,Smartphone,Samsung,2021-09-20,6.6,12,256,4985,224.7,Mid-Range,Android,1,3.9,1055,12,899.27
GDG-00853,Smartwatch,Samsung,2022-01-10,2.0,4,16,391,66.7,High-End,WearOS,0,4.2,31,24,345.33
GDG-00854,Smartphone,Google,2022-04-01,6.2,4,128,5024,229.7,High-End,Android,1,3.9,379,24,547.2
GDG-00855,Tablet,Xiaomi,2023-05-12,13.3,4,128,8714,553.8,Budget,Android,0,3.9,1876,24,434.05
GDG-00856,Laptop,HP,2023-08-08,16.7,8,1024,6427,1180.5,High-End,Windows,0,3.9,1209,12,1699.1
GDG-00857,Laptop,Dell,2024-06-25,13.6,8,1024,8143,1391.8,Mid-Range,Windows,0,3.7,3110,6,835.68
GDG-00858,Laptop,Lenovo,2023-12-22,14.5,64,512,4721,2406.3,Mid-Range,Windows,1,4.0,391,24,2349.0
GDG-00859,Laptop,Dell,2022-12-03,14.9,8,256,6832,2439.3,Mid-Range,Windows,0,4.0,371,6,1068.42
GDG-00860,Smartphone,Apple,2025-11-02,6.6,6,128,5095,166.5,Mid-Range,iOS,1,3.1,1189,12,672.73
GDG-00861,Smartphone,Samsung,2021-12-29,6.1,6,256,3618,160.4,Mid-Range,Android,0,3.7,3475,12,624.41
GDG-00862,Laptop,Apple,2025-04-08,16.4,8,1024,6860,2246.7,Mid-Range,macOS,0,3.6,1316,12,1650.16
GDG-00863,Tablet,Xiaomi,2025-04-13,13.2,12,128,7060,641.2,Mid-Range,Android,1,3.8,764,24,665.64
GDG-00864,Laptop,Lenovo,2023-04-07,15.0,8,1024,6455,1675.0,High-End,Linux,0,3.9,360,24,1579.94
GDG-00865,Laptop,HP,2023-02-04,17.1,16,256,8153,1583.3,Mid-Range,Windows,0,3.7,83,12,1213.89
GDG-00866,Smartphone,Google,2024-10-17,5.8,6,128,5002,179.9,Mid-Range,Android,1,3.8,439,12,429.55
GDG-00867,Smartwatch,Apple,2022-12-07,1.4,2,32,272,52.3,Mid-Range,watchOS,0,3.7,319,12,280.17
GDG-00868,Laptop,Dell,2024-04-20,14.5,16,1024,4767,2335.8,Mid-Range,Windows,0,3.3,471,12,1277.56
GDG-00869,Smartphone,Apple,2025-01-30,6.4,4,256,4573,187.0,Mid-Range,iOS,1,3.8,4882,12,663.37
GDG-00870,Laptop,Lenovo,2021-10-02,14.7,8,512,8192,1835.3,Mid-Range,Windows,0,4.3,828,24,975.94
GDG-00871,Laptop,Lenovo,2026-02-01,17.0,16,512,6152,1128.7,Mid-Range,Windows,1,4.4,783,12,1257.82
GDG-00872,Smartphone,Google,2022-03-09,6.6,4,128,4707,200.4,Flagship,Android,1,3.6,149,12,733.42
GDG-00873,Smartphone,Google,2021-09-10,6.2,8,256,4832,223.4,High-End,Android,1,3.9,170,12,592.09
GDG-00874,Laptop,Dell,2023-02-08,16.8,8,256,5547,2256.9,Mid-Range,Windows,0,4.3,240,6,878.35
GDG-00875,Smartwatch,Garmin,2021-04-09,1.7,4,32,554,76.3,High-End,Proprietary,0,4.8,378,36,398.42
GDG-00876,Tablet,Xiaomi,2021-04-09,12.6,6,64,9414,580.0,Budget,Android,0,3.7,4880,12,497.89
GDG-00877,Smartphone,Xiaomi,2022-06-02,6.3,12,128,3813,176.4,Budget,Android,1,3.8,393,24,414.68
GDG-00878,Laptop,Lenovo,2021-01-20,14.5,8,512,7210,1251.5,High-End,Windows,0,4.5,739,24,1487.89
GDG-00879,Tablet,Apple,2024-12-06,9.2,12,256,6859,604.2,High-End,iPadOS,1,4.2,1199,12,1463.3
GDG-00880,Smartphone,Samsung,2022-08-02,5.9,8,256,3717,199.8,Budget,Android,1,4.2,1710,12,360.29
GDG-00881,Smartwatch,Garmin,2025-05-13,1.4,2,32,487,83.6,Budget,Proprietary,0,2.8,631,12,201.06
GDG-00882,Tablet,Samsung,2023-01-04,12.7,12,128,8419,477.7,Mid-Range,Android,0,4.0,649,12,915.86
GDG-00883,Laptop,HP,2026-02-08,14.1,16,1024,8322,1821.0,Budget,Windows,0,3.6,585,24,1091.62
GDG-00884,Tablet,Apple,2021-07-02,14.0,6,512,10703,660.8,Budget,iPadOS,0,3.8,4693,12,856.2
GDG-00885,Smartphone,Xiaomi,2021-07-04,6.7,4,256,3653,217.9,Mid-Range,Android,0,4.0,623,12,457.44
GDG-00886,Smartphone,Apple,2022-06-09,6.5,12,128,4435,239.1,Mid-Range,iOS,0,3.3,3352,12,593.4
GDG-00887,Smartphone,Apple,2023-08-09,5.9,6,128,5165,174.0,High-End,iOS,1,3.9,101,12,834.81
GDG-00888,Smartphone,Samsung,2021-03-22,6.7,8,128,4237,224.1,Mid-Range,Android,1,3.7,198,12,407.11
GDG-00889,Smartphone,Google,2025-02-21,5.9,16,256,5243,220.7,High-End,Android,1,4.6,1072,36,941.08
GDG-00890,Laptop,HP,2021-04-04,13.3,16,512,5066,2095.0,Flagship,Windows,0,4.0,1991,24,2143.08
GDG-00891,Smartphone,Xiaomi,2023-06-16,6.9,8,128,4049,230.3,High-End,Android,1,4.2,1780,12,3293.86
GDG-00892,Smartphone,Xiaomi,2021-07-10,6.2,6,128,4201,174.6,Budget,Android,1,4.2,2119,12,280.69
GDG-00893,Smartwatch,Huawei,2023-07-24,1.4,4,8,417,68.6,High-End,Proprietary,0,4.1,380,24,267.03
GDG-00894,Smartphone,Samsung,2023-09-07,6.7,8,512,4828,230.9,High-End,Android,1,3.8,93,12,1203.08
GDG-00895,Wireless Earbuds,Samsung,2021-12-08,0.0,0,0,49,39.0,Mid-Range,Proprietary,0,3.5,1257,12,99.87
GDG-00896,Wireless Earbuds,Sony,2025-01-27,0.0,0,0,42,64.4,Budget,Proprietary,0,3.5,561,12,89.78
GDG-00897,Smartwatch,Xiaomi,2025-09-26,1.3,4,32,433,80.3,Budget,Proprietary,0,3.5,598,12,227.9
GDG-00898,Smartwatch,Huawei,2023-09-16,1.8,1,32,567,55.2,Mid-Range,Proprietary,0,4.3,281,12,278.33
GDG-00899,Smartwatch,Apple,2024-06-05,1.5,1,32,403,64.4,Mid-Range,watchOS,0,3.6,345,24,248.36
GDG-00900,Laptop,Dell,2025-11-02,16.0,8,512,7934,2190.9,Budget,Windows,0,3.6,533,24,812.88
GDG-00901,Laptop,Lenovo,2023-09-27,13.8,8,1024,6184,1761.0,High-End,Linux,0,3.8,1784,12,1459.02
GDG-00902,Wireless Earbuds,Apple,2021-01-26,0.0,0,0,102,58.0,Mid-Range,Proprietary,0,3.7,1731,6,153.9
GDG-00903,Laptop,Apple,2024-03-26,16.2,8,512,5417,2566.8,Mid-Range,macOS,0,3.5,517,12,1421.42
GDG-00904,Laptop,Lenovo,2022-11-24,15.4,16,512,7319,2150.9,Budget,Linux,0,3.2,1928,12,990.27
GDG-00905,Smartphone,OnePlus,2022-05-25,6.3,8,256,4859,214.1,High-End,Android,1,3.9,1372,6,736.24
GDG-00906,Laptop,HP,2023-02-28,13.9,16,256,7885,1937.5,Mid-Range,Windows,0,3.6,1964,12,1368.82
GDG-00907,Smartphone,Google,2024-08-10,6.8,12,128,4535,227.9,Mid-Range,Android,1,3.9,1908,6,552.57
GDG-00908,Smartphone,Samsung,2025-11-16,6.0,4,128,5038,199.3,Flagship,Android,1,4.8,800,24,954.27
GDG-00909,Smartphone,Samsung,2022-05-09,6.2,4,256,4069,164.0,Budget,Android,0,3.9,870,12,489.05
GDG-00910,Smartphone,Apple,2024-08-10,6.2,6,64,5173,178.8,Budget,iOS,1,4.0,1927,12,489.91
GDG-00911,Tablet,Samsung,2025-06-29,11.9,6,512,6721,728.4,Budget,Android,0,3.9,266,24,650.96
GDG-00912,Tablet,Lenovo,2021-09-01,14.5,8,128,6145,457.0,Flagship,Android,0,4.0,880,12,1173.34
GDG-00913,Smartphone,Apple,2024-02-16,6.4,6,128,5191,167.3,Budget,iOS,1,2.7,792,12,490.34
GDG-00914,Smartphone,Samsung,2024-06-21,6.5,12,128,5322,200.7,Flagship,Android,1,3.8,956,12,1148.18
GDG-00915,Smartphone,OnePlus,2022-02-28,6.5,12,256,4434,236.0,Budget,Android,1,3.7,1174,24,589.11
GDG-00916,Laptop,Dell,2021-04-22,16.6,8,256,7958,1781.7,Mid-Range,Windows,0,3.2,1044,12,1142.09
GDG-00917,Smartphone,Samsung,2023-08-27,6.6,8,256,4244,217.3,Flagship,Android,1,4.0,1263,24,1100.27
GDG-00918,Smartphone,Apple,2021-08-22,5.9,8,256,4849,177.7,Mid-Range,iOS,1,3.7,777,12,801.16
GDG-00919,Wireless Earbuds,Apple,2025-08-27,0.0,0,0,116,63.9,Mid-Range,Proprietary,0,4.3,4140,24,211.54
GDG-00920,Laptop,Lenovo,2022-08-21,15.5,16,512,6031,2153.1,Budget,Linux,0,4.4,604,12,1078.46
GDG-00921,Smartphone,Xiaomi,2021-10-15,6.7,6,128,5020,217.7,Budget,Android,0,3.9,2139,12,297.72
GDG-00922,Smartwatch,Xiaomi,2024-06-05,1.4,1,8,281,81.3,Mid-Range,Proprietary,0,3.9,3854,12,123.11
GDG-00923,Smartwatch,Garmin,2023-03-16,1.4,1,8,317,70.0,Mid-Range,Proprietary,0,4.3,472,24,136.39
GDG-00924,Tablet,Samsung,2021-08-09,13.1,4,64,6380,753.6,Mid-Range,Android,1,3.2,588,12,627.44
GDG-00925,Wireless Earbuds,Samsung,2024-04-20,0.0,0,0,50,58.2,Mid-Range,Proprietary,0,4.4,1731,12,101.04
GDG-00926,Laptop,Asus,2023-07-12,15.1,8,256,6913,2534.3,Budget,Windows,0,3.7,5125,12,725.41
GDG-00927,Smartphone,Xiaomi,2023-12-23,6.6,6,128,4633,234.8,Budget,Android,1,3.7,502,12,264.46
GDG-00928,Smartwatch,Garmin,2023-09-17,1.9,2,16,310,68.7,Budget,Proprietary,0,3.4,1014,24,161.08
GDG-00929,Smartphone,Samsung,2021-12-22,6.6,4,256,3762,168.3,High-End,Android,1,4.2,198,12,714.95
GDG-00930,Smartphone,Apple,2024-09-08,6.5,8,256,5307,185.7,Budget,iOS,1,4.4,1236,36,608.6
GDG-00931,Smartphone,Xiaomi,2023-05-08,6.9,16,64,5375,215.4,Mid-Range,Android,0,4.3,902,24,700.82
GDG-00932,Smartphone,OnePlus,2023-03-26,6.9,6,512,5487,183.5,Budget,Android,1,3.9,1756,6,482.78
GDG-00933,Laptop,Dell,2021-10-10,15.0,32,256,7367,2429.7,Budget,Windows,0,3.8,261,36,1443.99
GDG-00934,Wireless Earbuds,Bose,2024-01-27,0.0,0,0,75,56.4,Budget,Proprietary,0,4.2,3155,12,143.54
GDG-00935,Smartwatch,Huawei,2026-03-31,1.6,1,64,331,42.6,Budget,Proprietary,0,3.7,74,12,224.88
GDG-00936,Laptop,HP,2024-07-02,16.2,16,1024,7312,1617.9,Flagship,Windows,1,3.6,219,12,1901.13
GDG-00937,Laptop,Apple,2024-08-24,17.2,16,512,5228,1855.8,Mid-Range,macOS,0,3.1,1047,12,1565.56
GDG-00938,Smartphone,Google,2022-10-23,6.6,8,256,5058,188.2,Flagship,Android,1,4.3,2368,12,908.87
GDG-00939,Smartphone,Google,2023-09-11,6.4,8,128,5430,213.4,High-End,Android,1,4.1,234,36,585.77
GDG-00940,Laptop,Dell,2023-05-05,16.0,16,1024,8161,2362.1,Mid-Range,Windows,0,3.9,811,12,1501.49
GDG-00941,Tablet,Apple,2025-07-14,8.4,4,512,6872,429.1,Mid-Range,iPadOS,0,3.7,280,12,742.28
GDG-00942,Wireless Earbuds,Samsung,2024-10-04,0.0,0,0,42,41.0,Mid-Range,Proprietary,0,4.2,306,12,54.66
GDG-00943,Smartphone,Google,2025-03-17,6.7,6,128,4086,214.7,Budget,Android,0,4.0,878,12,336.45
GDG-00944,Tablet,Lenovo,2021-05-08,12.7,8,256,8417,493.4,High-End,Android,0,4.0,633,6,891.79
GDG-00945,Laptop,Dell,2023-01-05,16.6,8,512,4919,2024.2,High-End,Windows,0,3.9,360,12,1705.56
GDG-00946,Tablet,Lenovo,2022-04-05,13.0,6,128,10597,560.0,Mid-Range,Android,0,4.1,4779,24,568.34
GDG-00947,Laptop,HP,2025-06-20,16.5,32,512,5678,2139.4,Budget,Linux,0,4.0,523,12,1466.32
GDG-00948,Laptop,Dell,2023-05-04,17.1,8,512,8496,2127.7,Budget,Windows,0,3.6,1948,12,950.24
GDG-00949,Laptop,Dell,2025-03-04,14.3,16,512,7041,2403.3,High-End,Windows,0,3.5,730,12,1736.02
GDG-00950,Smartphone,Google,2022-04-07,6.8,8,256,4943,216.8,Mid-Range,Android,1,4.0,157,12,516.9
GDG-00951,Laptop,Asus,2024-04-20,15.5,8,1024,6971,1394.7,Budget,Windows,0,3.2,58,12,703.37
GDG-00952,Laptop,Dell,2023-07-09,14.0,8,512,7296,1211.7,Budget,Windows,0,3.2,962,6,819.75
GDG-00953,Smartphone,Samsung,2021-09-02,6.2,4,128,4377,182.3,Mid-Range,Android,0,3.4,661,12,525.31
GDG-00954,Smartphone,Samsung,2021-11-26,6.4,4,256,4022,160.5,Mid-Range,Android,1,2.9,531,12,422.58
GDG-00955,Smartwatch,Apple,2026-04-04,1.3,1,32,298,81.2,Mid-Range,watchOS,0,3.8,1558,24,228.84
GDG-00956,Smartphone,Samsung,2024-05-07,5.9,8,256,5409,210.0,High-End,Android,1,4.1,2097,12,900.07
GDG-00957,Smartwatch,Xiaomi,2025-09-23,1.7,2,32,471,73.9,Mid-Range,Proprietary,0,3.6,543,12,175.86
GDG-00958,Smartphone,Samsung,2024-02-01,6.2,6,128,5105,216.6,Mid-Range,Android,1,3.9,115,6,498.96
GDG-00959,Laptop,Asus,2022-01-12,15.4,8,256,7720,1857.7,Budget,Windows,0,4.0,801,24,925.51
GDG-00960,Smartwatch,Xiaomi,2021-07-08,1.5,1,8,329,67.2,Budget,Proprietary,0,3.3,297,12,102.99
GDG-00961,Smartphone,OnePlus,2022-11-10,6.2,6,128,3947,236.0,High-End,Android,1,4.3,46,12,489.2
GDG-00962,Laptop,HP,2024-06-20,15.4,16,256,6799,2335.5,High-End,Windows,0,4.3,512,12,1984.64
GDG-00963,Smartphone,Google,2024-10-01,6.2,8,128,3992,232.4,Mid-Range,Android,1,3.3,737,6,432.64
GDG-00964,Smartphone,OnePlus,2024-06-26,6.1,6,512,3581,214.6,Budget,Android,1,3.9,543,12,591.26
GDG-00965,Smartphone,Google,2026-02-19,6.7,4,128,3732,190.9,Mid-Range,Android,1,4.1,801,36,308.74
GDG-00966,Smartwatch,Xiaomi,2022-08-03,1.2,2,8,484,75.6,Mid-Range,Proprietary,0,3.7,631,24,185.75
GDG-00967,Smartphone,Apple,2023-02-07,6.4,4,256,4541,195.6,Mid-Range,iOS,0,3.0,339,12,560.51
GDG-00968,Smartphone,Samsung,2026-01-14,6.5,6,128,4156,201.1,Mid-Range,Android,1,4.3,91,12,503.55
GDG-00969,Smartphone,Samsung,2021-12-09,6.9,4,128,5083,203.0,Flagship,Android,1,4.3,75,12,872.64
GDG-00970,Tablet,Samsung,2021-01-16,12.2,4,64,7726,661.3,Budget,Android,1,3.3,5845,12,489.06
GDG-00971,Smartphone,Apple,2025-11-07,6.6,4,256,5211,168.3,Mid-Range,iOS,1,3.8,304,6,524.53
GDG-00972,Laptop,Apple,2024-12-10,16.8,8,1024,7536,2262.8,Mid-Range,macOS,0,4.0,1558,24,1759.81
GDG-00973,Smartphone,Google,2026-04-09,5.9,6,512,4905,172.3,Mid-Range,Android,1,3.5,20,24,611.58
GDG-00974,Smartphone,Xiaomi,2022-11-11,5.8,12,128,3650,164.3,High-End,Android,1,4.5,23,6,542.26
GDG-00975,Laptop,Asus,2025-06-15,14.3,8,1024,4788,1962.4,Budget,Windows,0,4.0,26,12,893.23
GDG-00976,Smartphone,Apple,2023-03-06,6.3,12,128,4328,194.6,Budget,iOS,0,3.8,1704,12,624.95
GDG-00977,Laptop,HP,2024-10-10,13.8,16,2048,4524,2062.1,Mid-Range,Windows,0,4.1,2486,12,1671.96
GDG-00978,Smartphone,Apple,2024-04-14,5.9,8,128,5237,165.8,Mid-Range,iOS,1,4.8,61,12,738.91
GDG-00979,Tablet,Samsung,2021-08-06,10.1,4,128,8468,638.4,High-End,Android,0,4.6,152,12,770.55
GDG-00980,Smartwatch,Samsung,2026-03-13,1.6,1,32,422,75.6,Mid-Range,WearOS,0,3.4,759,12,181.24
GDG-00981,Tablet,Samsung,2021-03-05,11.3,6,128,10370,499.2,High-End,Android,1,4.4,625,12,732.9
GDG-00982,Smartwatch,Huawei,2025-06-20,1.8,1,16,499,47.6,High-End,Proprietary,0,3.7,1859,12,229.35
GDG-00983,Laptop,Lenovo,2024-07-22,13.9,16,512,7274,2430.5,Budget,Windows,1,4.0,1031,6,1169.82
GDG-00984,Smartphone,OnePlus,2024-08-19,6.2,6,128,5444,160.9,Mid-Range,Android,1,3.4,1259,12,449.07
GDG-00985,Smartphone,OnePlus,2021-10-17,5.9,8,256,3510,205.8,High-End,Android,1,4.2,1445,12,648.97
GDG-00986,Wireless Earbuds,Sony,2023-03-19,0.0,0,0,103,51.4,Mid-Range,Proprietary,0,3.6,1381,12,202.34
GDG-00987,Laptop,Asus,2021-06-24,14.5,16,512,7565,2212.1,Flagship,Windows,0,4.2,65,12,2114.22
GDG-00988,Smartwatch,Samsung,2026-01-29,1.7,1,16,482,39.6,Mid-Range,WearOS,0,3.6,2965,6,302.33
GDG-00989,Smartwatch,Apple,2022-01-12,1.4,1,16,349,42.3,Mid-Range,watchOS,0,3.9,930,12,227.9
GDG-00990,Tablet,Samsung,2022-01-07,12.5,4,1024,10647,726.8,Mid-Range,Android,1,3.4,1501,12,820.43
GDG-00991,Tablet,Xiaomi,2026-03-25,14.5,6,128,10496,586.1,Mid-Range,Android,0,4.4,5026,12,676.56
GDG-00992,Laptop,Dell,2022-08-19,16.0,16,256,5526,1247.3,Mid-Range,Windows,0,3.0,3687,12,1420.89
GDG-00993,Tablet,Lenovo,2022-11-09,10.5,8,1024,7921,456.0,Budget,Android,1,3.3,3424,12,659.17
GDG-00994,Smartphone,Xiaomi,2026-01-18,6.0,12,256,4495,196.1,Flagship,Android,1,3.2,764,12,1102.55
GDG-00995,Laptop,Lenovo,2024-06-16,15.9,32,1024,7340,1976.3,Budget,Windows,0,2.7,569,12,1560.52
GDG-00996,Smartwatch,Apple,2022-10-10,2.0,1,16,306,32.3,Budget,watchOS,0,3.5,494,12,222.44
GDG-00997,Smartphone,OnePlus,2022-05-20,6.7,4,128,4958,219.2,High-End,Android,1,4.3,168,12,555.66
GDG-00998,Tablet,Xiaomi,2023-06-13,10.0,6,128,8944,468.4,Flagship,Android,1,4.6,1526,12,902.9
GDG-00999,Smartphone,Apple,2025-12-03,6.3,6,128,4412,188.7,High-End,iOS,1,3.8,1963,12,860.65
GDG-01000,Smartphone,Xiaomi,2022-09-18,6.3,8,1024,3722,174.1,Mid-Range,Android,1,4.2,1300,24,833.42
GDG-01001,Smartphone,OnePlus,2025-09-20,6.1,8,256,5192,171.2,High-End,Android,1,4.3,1379,12,866.33
GDG-01002,Laptop,Lenovo,2024-01-09,14.1,8,512,7504,2429.5,High-End,Linux,0,4.9,280,36,1164.78
GDG-01003,Laptop,Lenovo,2021-02-08,16.7,16,256,7087,1146.8,Mid-Range,Windows,0,4.0,261,12,1313.78
GDG-01004,Tablet,Xiaomi,2024-04-23,9.6,4,512,6300,618.6,Budget,Android,0,4.2,631,24,611.96
GDG-01005,Laptop,Lenovo,2024-01-11,15.2,8,512,7675,1322.9,Mid-Range,Windows,1,3.1,529,12,1072.1
GDG-01006,Smartphone,OnePlus,2024-04-22,6.6,8,256,4095,170.7,Budget,Android,1,4.7,1085,24,460.04
GDG-01007,Smartphone,Xiaomi,2021-07-05,6.2,6,128,4528,160.8,Mid-Range,Android,0,4.2,1546,12,472.77
GDG-01008,Smartphone,OnePlus,2025-07-10,6.9,8,128,4901,173.3,Flagship,Android,1,4.3,801,12,943.19
GDG-01009,Tablet,Samsung,2023-11-19,9.2,8,128,7304,484.5,Flagship,Android,1,4.5,1112,12,1246.86
GDG-01010,Wireless Earbuds,Bose,2024-09-12,0.0,0,0,53,57.1,Budget,Proprietary,0,3.9,579,12,85.67
GDG-01011,Laptop,Apple,2023-09-18,17.1,16,256,4665,1428.2,Budget,macOS,0,3.0,2915,24,1496.15
GDG-01012,Smartphone,Samsung,2021-05-09,6.1,8,128,3979,163.4,Mid-Range,Android,0,3.7,596,12,602.59
GDG-01013,Laptop,Lenovo,2026-02-03,16.5,8,256,6089,1804.5,High-End,Windows,0,4.4,1192,12,1302.45
GDG-01014,Smartphone,Google,2024-08-21,6.2,8,256,4941,237.5,Mid-Range,Android,1,4.6,2971,12,512.28
GDG-01015,Laptop,HP,2022-07-15,16.6,32,512,5578,1967.9,Mid-Range,Windows,0,3.9,307,24,1873.07
GDG-01016,Smartwatch,Garmin,2023-02-15,1.5,1,8,554,79.6,Flagship,Proprietary,0,4.8,496,12,316.43
GDG-01017,Smartwatch,Garmin,2022-05-31,1.5,1,8,334,59.4,Mid-Range,Proprietary,0,3.4,900,12,123.36
GDG-01018,Smartphone,OnePlus,2022-12-24,6.7,16,256,4206,198.9,High-End,Android,1,4.6,2108,24,943.82
GDG-01019,Wireless Earbuds,Apple,2023-09-15,0.0,0,0,112,35.2,High-End,Proprietary,0,4.4,636,12,281.7
GDG-01020,Laptop,Dell,2025-12-12,13.9,16,512,5178,1445.0,Mid-Range,Windows,0,3.8,949,6,1233.0
GDG-01021,Smartphone,Apple,2021-11-04,6.0,8,128,4241,208.2,Mid-Range,iOS,1,4.0,364,12,592.05
GDG-01022,Smartphone,Xiaomi,2024-09-15,6.1,6,256,5161,186.4,Mid-Range,Android,0,3.8,1121,12,528.2
GDG-01023,Smartwatch,Garmin,2024-10-14,1.6,1,16,327,63.3,Mid-Range,Proprietary,0,3.8,759,6,173.7
GDG-01024,Wireless Earbuds,Samsung,2024-08-18,0.0,0,0,87,35.7,Budget,Proprietary,0,3.6,1442,24,127.41
GDG-01025,Laptop,HP,2021-03-30,13.8,16,512,6926,1341.7,Budget,Windows,0,3.3,1441,12,1030.71
GDG-01026,Smartwatch,Garmin,2024-03-18,1.3,2,8,305,45.7,High-End,Proprietary,0,4.6,2342,12,242.12
GDG-01027,Smartphone,Apple,2022-01-04,6.4,8,128,4330,207.9,Mid-Range,iOS,1,3.9,1608,12,543.28
GDG-01028,Smartphone,Apple,2021-02-08,6.8,6,128,4990,212.9,Mid-Range,iOS,0,4.0,1980,24,828.53
GDG-01029,Laptop,Dell,2021-06-25,14.2,32,256,6984,2589.2,Budget,Windows,0,3.4,647,24,1445.87
GDG-01030,Smartphone,Apple,2025-08-28,6.3,16,256,3792,223.6,Budget,iOS,1,3.9,2550,24,737.84
GDG-01031,Smartwatch,Samsung,2022-01-08,1.7,4,64,481,46.0,Mid-Range,WearOS,0,3.4,584,6,418.61
GDG-01032,Smartphone,Apple,2025-01-23,6.6,8,128,5388,196.3,Budget,iOS,1,3.7,28,12,555.72
GDG-01033,Smartphone,Apple,2022-04-16,6.2,6,128,3770,168.7,Mid-Range,iOS,0,3.4,1697,12,595.2
GDG-01034,Laptop,HP,2025-10-27,16.9,16,256,7303,1729.7,Mid-Range,Windows,0,3.3,579,36,1324.93
GDG-01035,Smartphone,Google,2023-09-02,6.8,8,128,4728,163.1,Mid-Range,Android,1,4.0,266,12,481.2
GDG-01036,Smartphone,Apple,2023-10-28,6.6,8,256,3690,198.6,Mid-Range,iOS,0,3.7,746,12,688.05
GDG-01037,Smartwatch,Xiaomi,2024-05-20,1.6,2,16,220,79.5,Budget,Proprietary,0,3.9,414,12,142.27
GDG-01038,Smartphone,OnePlus,2025-05-06,6.5,6,256,4383,201.8,Mid-Range,Android,1,4.3,1396,6,385.85
GDG-01039,Smartwatch,Xiaomi,2021-03-30,1.8,1,32,439,44.2,Mid-Range,Proprietary,0,4.2,2179,12,169.0
GDG-01040,Smartwatch,Apple,2025-07-02,1.6,4,32,415,50.6,Budget,watchOS,0,3.7,157,12,267.18
GDG-01041,Laptop,HP,2025-07-06,16.3,8,256,7619,2355.8,High-End,Windows,0,4.2,436,12,1711.61
GDG-01042,Smartphone,Google,2022-06-06,6.3,6,128,3976,232.8,Mid-Range,Android,0,3.8,305,12,429.25
GDG-01043,Smartwatch,Xiaomi,2024-05-10,1.9,4,8,429,45.7,Mid-Range,Proprietary,0,3.9,3834,12,199.95
GDG-01044,Smartphone,Apple,2021-01-12,6.6,6,128,5116,160.6,Mid-Range,iOS,1,4.5,619,12,607.24
GDG-01045,Laptop,Lenovo,2023-12-01,13.3,16,512,7181,1408.1,Mid-Range,Windows,0,3.5,4002,12,1415.35
GDG-01046,Smartphone,Xiaomi,2021-08-07,6.0,6,256,4834,206.8,Mid-Range,Android,0,3.9,524,12,390.65
GDG-01047,Laptop,Dell,2024-01-03,15.0,16,512,5997,2017.8,Budget,Windows,0,3.7,138,12,1158.48
GDG-01048,Smartphone,Samsung,2022-02-22,6.3,8,256,5105,204.6,Mid-Range,Android,0,3.4,1448,12,629.48
GDG-01049,Tablet,Xiaomi,2024-02-20,11.8,4,256,8078,775.9,Mid-Range,Android,0,3.7,822,12,651.97
GDG-01050,Tablet,Lenovo,2025-05-05,12.7,4,128,7131,727.8,Budget,Android,1,3.4,1644,6,497.99
GDG-01051,Smartphone,OnePlus,2025-03-12,6.1,6,64,5103,215.9,Mid-Range,Android,0,3.3,100,12,372.32
GDG-01052,Laptop,HP,2022-03-16,15.3,8,512,7719,1607.7,Mid-Range,Windows,0,3.5,579,12,863.77
GDG-01053,Smartphone,Xiaomi,2024-12-18,5.9,4,256,4296,237.2,Mid-Range,Android,0,4.1,2032,12,479.64
GDG-01054,Smartphone,Samsung,2021-07-06,6.7,6,128,4465,234.1,High-End,Android,1,4.2,2293,12,699.77
GDG-01055,Smartphone,Samsung,2023-06-11,5.9,6,128,4038,177.7,High-End,Android,1,3.9,1638,12,638.93
GDG-01056,Smartphone,Apple,2021-06-13,6.5,6,128,4983,190.7,Budget,iOS,1,3.9,1326,12,429.84
GDG-01057,Smartphone,Xiaomi,2024-06-11,6.5,8,256,4086,216.9,Flagship,Android,1,4.4,1337,6,845.92
GDG-01058,Laptop,Dell,2024-05-08,13.5,16,512,7668,2330.3,High-End,Windows,0,4.4,421,12,1428.65
GDG-01059,Smartphone,Samsung,2022-02-18,6.7,12,128,5406,224.3,High-End,Android,1,4.3,628,24,902.03
GDG-01060,Smartphone,Apple,2022-08-09,6.0,4,128,5105,208.0,High-End,iOS,1,4.5,744,12,787.02
GDG-01061,Smartphone,Samsung,2023-11-23,6.6,6,128,4759,173.6,Mid-Range,Android,0,4.0,791,12,664.38
GDG-01062,Smartwatch,Xiaomi,2022-05-05,1.7,2,16,300,36.6,Mid-Range,Proprietary,0,3.6,439,12,121.37
GDG-01063,Tablet,Apple,2022-07-20,13.2,8,128,8892,661.1,Budget,iPadOS,0,4.1,2780,12,659.44
GDG-01064,Smartphone,Apple,2022-02-15,6.4,8,128,5009,216.3,High-End,iOS,1,4.5,524,12,976.53
GDG-01065,Smartphone,Apple,2026-02-26,5.9,6,128,4082,218.1,High-End,iOS,1,3.7,672,12,824.87
GDG-01066,Laptop,HP,2024-02-20,17.0,8,512,5925,1621.2,High-End,Windows,0,4.3,892,24,1386.92
GDG-01067,Smartphone,OnePlus,2022-02-03,6.3,8,128,4327,206.0,Flagship,Android,1,4.1,193,12,789.58
GDG-01068,Laptop,HP,2022-06-19,14.0,16,512,6573,1259.7,High-End,Linux,0,4.6,1412,24,1473.02
GDG-01069,Smartphone,OnePlus,2026-04-24,5.9,8,256,4551,236.5,Flagship,Android,1,3.9,1042,36,1044.25
GDG-01070,Smartphone,Apple,2025-11-30,6.4,8,512,5124,206.0,Budget,iOS,1,4.1,541,24,829.85
GDG-01071,Smartphone,OnePlus,2023-02-12,6.4,6,256,5076,179.5,Flagship,Android,1,4.0,671,24,746.87
GDG-01072,Laptop,Asus,2022-11-27,17.1,16,512,6379,2122.4,Mid-Range,Windows,1,3.5,3349,12,1532.4
GDG-01073,Smartwatch,Xiaomi,2023-09-15,1.3,1,8,254,52.3,Mid-Range,Proprietary,0,3.7,1069,6,145.17
GDG-01074,Laptop,Asus,2025-06-04,17.3,32,512,7272,2151.8,Mid-Range,Windows,0,3.7,1858,12,1898.92
GDG-01075,Smartphone,Apple,2022-12-25,6.4,8,256,3519,216.1,Mid-Range,iOS,0,3.8,2129,12,620.04
GDG-01076,Smartwatch,Samsung,2022-08-12,1.3,2,8,564,71.7,High-End,WearOS,0,4.2,1270,12,249.45
GDG-01077,Tablet,Samsung,2022-12-02,8.8,6,256,7462,591.6,Budget,Android,0,3.1,1784,12,736.76
GDG-01078,Laptop,Asus,2026-01-06,15.6,64,256,5248,2520.7,Budget,Windows,1,3.4,2014,24,2259.08
GDG-01079,Wireless Earbuds,JBL,2023-10-19,0.0,0,0,60,42.0,High-End,Proprietary,0,4.5,2041,6,140.4
GDG-01080,Laptop,Apple,2022-05-11,16.8,16,2048,5346,1443.8,Mid-Range,macOS,0,3.5,2400,12,2274.57
GDG-01081,Smartphone,OnePlus,2025-09-09,6.5,6,128,3819,222.3,Budget,Android,0,4.1,4612,12,406.98
GDG-01082,Laptop,HP,2021-06-10,16.0,32,256,7217,1839.0,Budget,Linux,1,3.1,381,12,1374.49
GDG-01083,Laptop,HP,2021-03-28,16.7,16,1024,6020,2031.0,Mid-Range,Windows,1,4.4,2088,12,1469.49
GDG-01084,Wireless Earbuds,Samsung,2026-01-12,0.0,0,0,108,61.1,High-End,Proprietary,0,4.3,259,12,200.31
GDG-01085,Smartwatch,Samsung,2023-10-03,1.3,2,32,481,46.9,High-End,WearOS,0,4.4,313,24,376.52
GDG-01086,Smartwatch,Apple,2022-03-31,1.8,1,16,285,34.9,Mid-Range,watchOS,0,4.1,2251,6,217.85
GDG-01087,Smartphone,Google,2025-06-25,6.3,4,128,5424,203.3,Mid-Range,Android,1,4.5,209,12,362.29
GDG-01088,Wireless Earbuds,JBL,2023-03-18,0.0,0,0,57,48.7,Budget,Proprietary,0,3.6,2462,12,29.0
GDG-01089,Laptop,Dell,2021-09-04,16.1,16,512,6384,1573.5,Budget,Linux,0,4.1,462,12,1151.6
GDG-01090,Wireless Earbuds,Sony,2023-02-17,0.0,0,0,109,38.0,Budget,Proprietary,0,3.7,783,12,99.65
GDG-01091,Tablet,Apple,2023-01-11,12.2,4,64,8127,487.4,High-End,iPadOS,0,3.9,188,24,945.49
GDG-01092,Laptop,Apple,2022-07-06,15.2,16,512,7011,1614.6,Mid-Range,macOS,0,3.6,530,12,1666.94
GDG-01093,Smartwatch,Huawei,2023-05-19,1.4,4,32,578,71.9,High-End,Proprietary,0,4.4,15,12,405.89
GDG-01094,Smartwatch,Samsung,2023-01-18,1.9,2,8,363,55.9,Budget,WearOS,0,3.7,812,24,129.09
GDG-01095,Wireless Earbuds,Samsung,2024-03-16,0.0,0,0,51,64.4,Mid-Range,Proprietary,0,4.2,2902,24,53.75
GDG-01096,Laptop,Apple,2024-11-05,14.2,32,512,4909,2181.2,Mid-Range,macOS,0,3.5,701,12,2538.79
GDG-01097,Smartwatch,Xiaomi,2024-02-12,1.5,4,32,415,42.4,Budget,Proprietary,0,4.0,3377,12,198.56
GDG-01098,Smartphone,Apple,2025-06-27,6.9,8,512,3806,197.8,High-End,iOS,1,3.4,32,6,1184.65
GDG-01099,Smartphone,OnePlus,2021-01-20,6.0,8,256,4523,170.8,Flagship,Android,1,4.5,29,6,934.59
GDG-01100,Smartwatch,Huawei,2026-01-04,1.9,2,16,484,60.3,High-End,Proprietary,0,4.7,2704,12,224.03
GDG-01101,Laptop,HP,2022-10-09,16.4,8,512,5728,1476.5,Flagship,Windows,0,5.0,163,12,1794.97
GDG-01102,Smartphone,Xiaomi,2021-07-22,6.6,8,128,3622,177.2,Flagship,Android,1,4.5,908,12,776.1
GDG-01103,Laptop,Dell,2022-06-05,15.2,16,512,7079,1244.5,Flagship,Windows,0,3.8,1470,12,2346.63
GDG-01104,Smartphone,Google,2023-01-08,6.4,8,256,5408,224.8,High-End,Android,1,4.6,4900,12,585.53
GDG-01105,Smartphone,Xiaomi,2022-12-06,5.8,6,512,3748,188.1,Mid-Range,Android,1,4.1,660,6,633.82
GDG-01106,Laptop,Asus,2024-05-25,14.1,8,256,6858,2074.8,High-End,Windows,1,3.8,2267,24,1252.0
GDG-01107,Smartphone,Samsung,2022-08-06,6.2,6,128,4878,200.8,Mid-Range,Android,1,4.1,820,12,650.11
GDG-01108,Smartphone,Google,2023-07-05,6.8,6,128,4280,209.1,Budget,Android,1,3.6,381,6,278.51
GDG-01109,Smartwatch,Garmin,2021-10-24,1.9,1,16,547,74.8,Mid-Range,Proprietary,0,3.9,3822,6,206.56
GDG-01110,Wireless Earbuds,Samsung,2022-11-22,0.0,0,0,88,53.9,Budget,Proprietary,0,4.3,2266,12,100.84
GDG-01111,Smartwatch,Samsung,2024-03-16,1.5,2,16,256,36.2,Budget,WearOS,0,3.5,1019,12,178.2
GDG-01112,Smartphone,OnePlus,2022-12-05,6.1,8,256,4148,212.2,Mid-Range,Android,1,4.4,2356,12,512.28
GDG-01113,Tablet,Lenovo,2024-05-24,12.4,6,128,8222,739.6,Mid-Range,Android,1,3.9,562,12,454.8
GDG-01114,Smartphone,Xiaomi,2026-04-07,6.2,8,128,4702,201.7,Mid-Range,Android,1,3.7,176,12,502.31
GDG-01115,Smartphone,Apple,2021-12-09,6.0,4,128,3547,170.0,Mid-Range,iOS,0,3.6,95,24,445.43
GDG-01116,Laptop,Dell,2022-05-31,17.1,16,512,7370,2224.6,High-End,Windows,0,3.7,834,24,2043.06
GDG-01117,Tablet,Lenovo,2021-07-15,8.7,4,64,9876,617.4,Mid-Range,Android,0,3.9,122,12,572.26
GDG-01118,Smartwatch,Huawei,2023-03-25,1.6,1,8,262,37.5,High-End,Proprietary,0,4.2,452,12,149.55
GDG-01119,Smartphone,Apple,2024-06-19,6.0,8,256,4841,234.5,High-End,iOS,1,2.8,2301,12,1082.01
GDG-01120,Tablet,Samsung,2023-03-10,10.2,8,256,8026,685.5,Flagship,Android,0,3.4,129,12,1460.23
GDG-01121,Smartwatch,Huawei,2021-09-16,1.3,1,16,307,33.5,Mid-Range,Proprietary,0,4.1,273,12,191.07
GDG-01122,Laptop,HP,2024-09-20,14.7,16,512,8248,1587.8,Mid-Range,Windows,1,3.1,35,12,1122.16
GDG-01123,Smartphone,Google,2024-01-13,6.8,8,128,4623,195.6,Mid-Range,Android,1,3.6,140,24,478.11
GDG-01124,Wireless Earbuds,Bose,2024-11-29,0.0,0,0,104,40.3,Mid-Range,Proprietary,0,3.6,3299,6,138.66
GDG-01125,Laptop,Lenovo,2024-05-08,15.1,8,512,7567,2053.8,Budget,Windows,0,3.8,3142,6,1010.07
GDG-01126,Wireless Earbuds,Bose,2024-08-02,0.0,0,0,103,44.3,Mid-Range,Proprietary,0,3.1,596,12,126.79
GDG-01127,Wireless Earbuds,Bose,2022-12-13,0.0,0,0,96,51.2,Mid-Range,Proprietary,0,3.6,74,12,137.03
GDG-01128,Tablet,Xiaomi,2025-07-07,8.9,6,512,8522,551.7,Mid-Range,Android,0,3.4,139,12,654.21
GDG-01129,Smartphone,Xiaomi,2022-09-14,5.8,12,256,4571,225.2,High-End,Android,1,4.0,1845,12,923.23
GDG-01130,Smartphone,Xiaomi,2025-10-03,5.9,4,1024,4087,197.5,High-End,Android,1,3.8,2878,12,1117.24
GDG-01131,Tablet,Samsung,2021-01-18,12.6,6,512,10029,760.9,Mid-Range,Android,0,3.3,3397,12,827.6
GDG-01132,Laptop,HP,2021-01-19,16.4,8,512,7768,1539.4,High-End,Windows,0,3.6,332,12,1355.56
GDG-01133,Tablet,Samsung,2023-02-05,9.5,6,128,10592,577.4,Mid-Range,Android,0,4.2,632,12,589.82
GDG-01134,Wireless Earbuds,Apple,2025-01-04,0.0,0,0,117,46.7,High-End,Proprietary,0,4.6,818,24,237.91
GDG-01135,Laptop,Dell,2023-02-14,14.2,8,512,4824,1733.4,Mid-Range,Windows,0,4.4,473,12,999.68
GDG-01136,Smartwatch,Xiaomi,2026-02-07,1.7,1,8,575,68.3,High-End,Proprietary,0,4.7,496,12,231.89
GDG-01137,Smartphone,Google,2022-08-07,6.5,8,128,4589,224.7,Mid-Range,Android,1,4.2,765,36,455.34
GDG-01138,Laptop,Dell,2025-10-14,13.6,32,1024,5059,1534.4,Mid-Range,Windows,0,4.2,366,24,1920.13
GDG-01139,Tablet,Lenovo,2022-07-12,12.7,4,128,10030,487.6,High-End,Android,0,4.4,839,24,584.54
GDG-01140,Laptop,Asus,2021-04-12,17.2,16,512,4590,1378.9,Budget,Windows,0,4.7,827,12,1048.95
GDG-01141,Smartphone,Xiaomi,2025-01-04,6.3,16,128,3516,178.6,Budget,Android,0,3.2,1145,12,543.71
GDG-01142,Smartwatch,Xiaomi,2023-10-08,1.4,1,8,435,48.5,Flagship,Proprietary,1,3.7,594,12,313.9
GDG-01143,Laptop,Lenovo,2023-01-31,15.2,16,512,7741,1147.6,Mid-Range,Linux,0,3.4,524,12,1173.98
GDG-01144,Tablet,Xiaomi,2021-10-27,8.7,4,64,9214,445.7,High-End,Android,0,5.0,2876,12,576.96
GDG-01145,Smartphone,Samsung,2022-01-29,6.8,6,256,4012,225.4,Mid-Range,Android,1,4.0,4342,12,593.32
GDG-01146,Smartwatch,Garmin,2021-09-07,2.0,4,8,585,45.2,Mid-Range,Proprietary,0,3.7,490,12,271.97
GDG-01147,Smartphone,OnePlus,2025-04-29,6.9,6,128,4006,219.0,Mid-Range,Android,0,3.8,35,12,377.6
GDG-01148,Smartwatch,Apple,2023-08-02,1.8,1,16,268,59.6,Budget,watchOS,0,4.0,1392,12,212.3
GDG-01149,Laptop,Dell,2022-03-03,15.2,8,512,7291,2541.8,Mid-Range,Windows,0,3.5,1438,24,886.35
GDG-01150,Smartphone,Apple,2025-01-31,5.8,4,512,5419,204.0,High-End,iOS,1,4.6,354,6,865.27
GDG-01151,Smartphone,OnePlus,2021-09-08,6.1,6,128,4807,183.9,High-End,Android,1,4.9,1118,24,536.62
GDG-01152,Smartphone,Apple,2023-01-09,6.8,4,256,5268,213.3,Mid-Range,iOS,1,3.9,1239,6,652.99
GDG-01153,Smartphone,Apple,2022-04-29,6.5,6,128,4164,161.2,Mid-Range,iOS,1,4.7,1176,12,563.96
GDG-01154,Smartwatch,Samsung,2024-04-12,1.3,1,64,344,32.5,Flagship,WearOS,0,4.3,722,12,526.82
GDG-01155,Tablet,Samsung,2025-05-24,12.7,8,512,10884,475.8,High-End,Android,1,4.0,685,12,1276.39
GDG-01156,Smartphone,Apple,2022-05-25,6.0,8,256,3687,214.9,Mid-Range,iOS,1,3.3,1305,12,613.62
GDG-01157,Laptop,Lenovo,2025-04-05,15.8,16,512,4744,1633.3,Budget,Windows,0,4.5,1678,12,1234.99
GDG-01158,Smartphone,Samsung,2021-08-08,5.9,8,128,3976,185.3,Budget,Android,1,4.1,7080,12,434.04
GDG-01159,Laptop,HP,2024-08-13,16.3,16,512,7799,2437.7,Flagship,Windows,0,4.5,539,24,2201.0
GDG-01160,Tablet,Xiaomi,2023-02-13,10.6,12,128,7103,510.3,High-End,Android,0,3.7,2712,6,886.5
GDG-01161,Smartwatch,Huawei,2024-12-18,1.6,1,32,370,60.8,Mid-Range,Proprietary,0,3.9,1814,12,180.4
GDG-01162,Laptop,Apple,2023-10-01,14.1,8,512,5264,1915.4,Mid-Range,macOS,0,3.4,85,12,1536.37
GDG-01163,Smartphone,Apple,2023-08-18,6.1,12,128,5202,207.9,High-End,iOS,1,3.7,2474,12,1143.67
GDG-01164,Tablet,Apple,2025-10-29,11.8,6,512,6564,611.2,High-End,iPadOS,0,4.4,622,12,1557.26
GDG-01165,Tablet,Samsung,2025-08-06,10.0,6,128,9007,583.5,Budget,Android,1,3.9,3948,12,579.0
GDG-01166,Tablet,Samsung,2023-11-03,10.7,6,128,7519,737.9,Budget,Android,1,4.5,450,12,439.89
GDG-01167,Tablet,Apple,2023-01-16,13.2,8,256,7956,535.4,Mid-Range,iPadOS,0,3.2,2711,12,1024.68
GDG-01168,Wireless Earbuds,JBL,2024-01-09,0.0,0,0,84,40.7,Mid-Range,Proprietary,0,4.6,751,36,94.08
GDG-01169,Smartphone,Xiaomi,2024-10-31,6.3,12,128,4629,172.3,Mid-Range,Android,0,4.0,949,12,465.7
GDG-01170,Smartwatch,Samsung,2023-04-20,1.7,2,16,276,37.1,High-End,WearOS,0,4.9,1279,12,261.09
GDG-01171,Smartphone,Apple,2024-09-11,5.9,6,128,5210,235.0,Budget,iOS,0,4.2,265,12,491.1
GDG-01172,Laptop,Lenovo,2021-03-06,14.1,8,1024,6488,1387.4,Mid-Range,Linux,0,3.5,322,24,1082.99
GDG-01173,Smartphone,Google,2023-03-07,6.5,4,512,4576,209.9,High-End,Android,1,4.1,2004,36,735.04
GDG-01174,Laptop,Asus,2024-04-23,14.3,8,256,6000,1431.1,Budget,Windows,0,3.6,2161,12,763.15
GDG-01175,Smartwatch,Samsung,2026-03-02,1.4,1,64,471,81.2,Mid-Range,WearOS,0,3.4,330,12,342.2
GDG-01176,Tablet,Lenovo,2025-09-01,8.8,4,256,6497,549.9,High-End,Android,1,4.2,980,6,741.19
GDG-01177,Laptop,Lenovo,2025-12-29,15.0,32,512,6011,2291.4,High-End,Linux,0,4.4,827,12,2201.38
GDG-01178,Laptop,Apple,2023-12-20,13.5,16,512,4788,2351.7,Budget,macOS,0,3.9,2442,12,1559.11
GDG-01179,Smartphone,Samsung,2022-03-19,6.9,8,256,3698,168.1,Mid-Range,Android,0,3.4,257,24,635.75
GDG-01180,Smartphone,Apple,2023-03-01,6.0,12,512,4577,212.6,Budget,iOS,1,4.1,377,12,734.41
GDG-01181,Smartphone,Samsung,2026-04-25,6.0,16,128,5034,204.7,Budget,Android,1,4.0,1337,24,605.33
GDG-01182,Smartphone,Google,2025-04-19,6.5,16,128,4233,214.0,Budget,Android,1,4.0,1553,6,527.6
GDG-01183,Smartphone,Google,2023-05-25,6.8,12,128,3841,223.4,High-End,Android,1,3.8,1489,12,553.83
GDG-01184,Smartphone,Samsung,2024-02-01,6.2,6,256,4191,212.6,Mid-Range,Android,1,3.5,2193,6,536.27
GDG-01185,Wireless Earbuds,Sony,2024-05-13,0.0,0,0,91,63.0,Budget,Proprietary,0,3.5,945,24,90.75
GDG-01186,Smartphone,Apple,2026-01-23,6.1,8,256,4164,227.6,Budget,iOS,1,3.9,1460,12,643.25
GDG-01187,Laptop,Dell,2024-07-20,15.0,16,256,7473,1585.2,Budget,Windows,0,4.2,864,12,1031.2
GDG-01188,Smartphone,OnePlus,2023-02-08,6.6,6,64,5396,219.6,Flagship,Android,1,4.4,1926,6,707.6
GDG-01189,Laptop,HP,2023-01-08,17.1,8,512,6332,2539.7,High-End,Linux,0,4.8,973,6,1469.12
GDG-01190,Smartphone,Samsung,2022-08-06,6.5,16,256,4560,170.8,High-End,Android,1,4.2,147,12,1296.58
GDG-01191,Smartphone,OnePlus,2025-12-29,6.1,4,256,4115,238.8,High-End,Android,1,4.3,512,12,592.25
GDG-01192,Laptop,Asus,2022-03-16,16.7,8,256,4588,2257.3,High-End,Windows,0,4.4,781,12,1528.08
GDG-01193,Wireless Earbuds,JBL,2026-02-26,0.0,0,0,105,50.3,High-End,Proprietary,0,4.5,2166,12,132.04
GDG-01194,Wireless Earbuds,Bose,2024-03-14,0.0,0,0,108,39.6,Mid-Range,Proprietary,0,3.5,1115,12,139.59
GDG-01195,Smartwatch,Garmin,2021-03-19,1.6,1,32,299,39.3,Mid-Range,Proprietary,0,3.6,1423,24,158.82
GDG-01196,Laptop,Asus,2023-01-22,16.9,8,256,5523,1449.5,Budget,Windows,0,3.5,881,12,782.04
GDG-01197,Smartwatch,Xiaomi,2023-03-30,1.7,1,8,331,70.9,Mid-Range,Proprietary,0,3.9,215,12,171.39
GDG-01198,Laptop,Asus,2025-01-21,14.6,32,1024,6476,1359.4,Budget,Windows,0,3.8,400,12,1838.59
GDG-01199,Laptop,Dell,2024-03-26,16.6,16,512,4890,1992.8,Budget,Windows,0,4.1,369,6,963.99
GDG-01200,Smartphone,Xiaomi,2024-03-26,6.2,16,64,5097,164.5,Mid-Range,Android,1,3.9,801,6,705.98
GDG-01201,Smartphone,Apple,2022-12-14,6.8,6,128,4389,193.3,Mid-Range,iOS,1,3.9,3191,12,545.86
GDG-01202,Wireless Earbuds,JBL,2025-11-17,0.0,0,0,64,57.4,Mid-Range,Proprietary,0,3.9,54,24,54.97
GDG-01203,Wireless Earbuds,Bose,2025-10-06,0.0,0,0,112,62.9,High-End,Proprietary,0,4.3,469,12,241.36
GDG-01204,Laptop,Lenovo,2024-07-22,16.4,8,256,6066,1181.2,High-End,Windows,0,4.6,274,12,1649.34
GDG-01205,Wireless Earbuds,Samsung,2024-03-02,0.0,0,0,54,44.8,Budget,Proprietary,0,3.4,364,24,102.69
GDG-01206,Laptop,Asus,2024-11-30,14.2,8,256,4706,2110.5,Mid-Range,Windows,1,4.1,1311,12,1016.02
GDG-01207,Tablet,Xiaomi,2025-03-22,12.0,8,256,10134,452.4,Mid-Range,Android,0,4.5,2671,12,674.45
GDG-01208,Tablet,Apple,2025-05-30,10.8,6,64,7082,541.0,Mid-Range,iPadOS,0,4.0,2528,12,765.34
GDG-01209,Smartphone,Google,2025-03-07,5.9,12,128,4317,181.0,Budget,Android,1,3.8,900,12,503.16
GDG-01210,Tablet,Apple,2023-06-09,13.2,8,64,7068,694.3,Flagship,iPadOS,0,4.6,755,12,1556.57
GDG-01211,Smartphone,Apple,2022-02-10,6.3,8,128,4835,205.7,Budget,iOS,1,3.7,133,12,467.05
GDG-01212,Laptop,Asus,2025-02-15,15.4,16,512,5492,1207.5,Flagship,Windows,0,4.3,1510,12,2403.24
GDG-01213,Smartwatch,Xiaomi,2026-03-08,1.7,2,8,277,67.6,Mid-Range,Proprietary,0,4.1,945,24,188.89
GDG-01214,Smartphone,Samsung,2023-05-18,6.2,8,512,3890,185.7,Mid-Range,Android,1,3.5,1702,6,792.47
GDG-01215,Tablet,Samsung,2021-02-19,13.1,8,128,7386,775.6,Budget,Android,1,3.6,320,12,595.02
GDG-01216,Smartphone,Google,2025-07-03,6.3,4,128,3798,195.2,Mid-Range,Android,1,4.1,398,12,227.64
GDG-01217,Tablet,Xiaomi,2022-04-24,9.6,6,128,9062,476.2,Budget,Android,1,3.0,777,24,368.77
GDG-01218,Smartphone,Apple,2021-06-25,5.9,8,64,3611,179.4,Flagship,iOS,1,3.4,468,12,1011.74
GDG-01219,Tablet,Samsung,2024-06-25,14.1,16,64,8356,424.9,Budget,Android,1,3.6,4195,12,775.48
GDG-01220,Laptop,Lenovo,2021-08-16,14.5,8,512,6429,1134.1,Mid-Range,Windows,0,4.0,52,12,886.34
GDG-01221,Laptop,HP,2022-02-22,15.5,16,1024,7573,1488.0,High-End,Windows,0,4.4,1262,6,1821.82
GDG-01222,Tablet,Apple,2021-10-17,12.7,6,128,6150,555.6,High-End,iPadOS,1,4.4,422,12,1165.07
GDG-01223,Smartwatch,Xiaomi,2023-12-15,1.2,1,16,307,35.2,Mid-Range,Proprietary,0,3.6,170,12,199.62
GDG-01224,Smartphone,OnePlus,2022-02-16,6.7,4,128,4765,181.7,Mid-Range,Android,1,4.0,1629,12,340.72
GDG-01225,Smartphone,OnePlus,2026-04-20,5.8,6,256,4295,212.8,Flagship,Android,1,4.5,486,24,714.14
GDG-01226,Smartwatch,Apple,2024-09-19,1.9,1,8,557,51.1,Budget,watchOS,0,4.1,3466,12,228.79
GDG-01227,Wireless Earbuds,JBL,2021-08-09,0.0,0,0,37,43.8,Mid-Range,Proprietary,0,3.4,245,12,45.09
GDG-01228,Smartphone,Google,2025-12-15,6.5,8,256,3973,238.4,High-End,Android,1,4.6,1241,12,577.3
GDG-01229,Smartphone,Google,2023-11-08,6.9,4,128,3703,232.3,Mid-Range,Android,1,4.2,818,24,323.07
GDG-01230,Smartphone,OnePlus,2024-05-07,6.4,8,1024,3881,175.9,High-End,Android,1,4.1,369,12,1136.18
GDG-01231,Tablet,Samsung,2023-07-27,11.8,8,256,6176,434.3,Budget,Android,1,3.2,1337,12,607.94
GDG-01232,Laptop,Apple,2022-09-17,14.6,8,512,6111,2216.6,Mid-Range,macOS,0,4.2,437,24,1286.99
GDG-01233,Smartphone,Samsung,2024-11-02,6.2,8,256,4780,184.2,Mid-Range,Android,1,3.8,757,12,586.49
GDG-01234,Laptop,Lenovo,2023-10-24,14.4,16,512,4753,2038.7,Budget,Windows,1,3.3,325,12,1150.3
GDG-01235,Wireless Earbuds,Samsung,2025-07-27,0.0,0,0,38,63.3,Mid-Range,Proprietary,0,4.3,1533,24,85.02
GDG-01236,Tablet,Lenovo,2026-04-28,10.1,6,128,7242,543.0,Flagship,Android,0,4.7,56,24,937.15
GDG-01237,Laptop,Lenovo,2021-10-09,13.7,16,1024,6065,1881.1,Mid-Range,Windows,1,4.0,3252,12,1176.89
GDG-01238,Smartphone,Samsung,2024-11-06,6.1,8,128,3992,205.8,High-End,Android,1,4.6,69,12,713.14
GDG-01239,Smartwatch,Samsung,2023-05-24,2.0,1,64,529,49.5,Mid-Range,WearOS,0,3.0,1488,12,282.22
GDG-01240,Smartphone,OnePlus,2024-01-16,5.9,4,64,4836,171.1,High-End,Android,1,4.2,1325,12,386.64
GDG-01241,Laptop,Asus,2024-01-14,16.0,8,256,5328,2393.9,Mid-Range,Windows,0,3.5,99,12,1057.61
GDG-01242,Laptop,Dell,2023-12-09,16.9,32,512,6261,2593.5,Budget,Windows,0,3.9,1240,24,1273.52
GDG-01243,Tablet,Lenovo,2026-03-26,11.9,4,512,7294,534.3,Budget,Android,0,3.1,161,24,491.93
GDG-01244,Smartphone,Xiaomi,2026-04-27,6.6,8,512,3877,185.4,Mid-Range,Android,1,2.9,761,12,618.7
GDG-01245,Laptop,Lenovo,2025-01-29,13.4,16,256,5805,2420.2,Mid-Range,Windows,0,3.7,556,36,1312.88
GDG-01246,Wireless Earbuds,Apple,2023-06-27,0.0,0,0,116,63.0,Budget,Proprietary,0,4.2,20,12,134.63
GDG-01247,Laptop,Asus,2022-07-15,13.9,8,1024,5269,1260.2,Budget,Windows,0,4.4,1774,12,943.06
GDG-01248,Smartwatch,Garmin,2024-06-07,1.7,2,16,530,62.1,Budget,Proprietary,0,3.5,696,24,193.41
GDG-01249,Laptop,Lenovo,2022-04-18,15.7,8,256,5445,2131.1,Mid-Range,Windows,0,3.6,1129,12,1176.82
GDG-01250,Smartphone,OnePlus,2023-09-04,5.9,8,1024,5232,208.4,Budget,Android,1,3.8,238,12,679.54
GDG-01251,Laptop,Asus,2023-02-05,14.0,16,512,6087,1837.2,Budget,Windows,0,3.7,4245,12,1110.79
GDG-01252,Tablet,Lenovo,2021-03-08,10.9,6,64,6122,753.2,High-End,Android,1,5.0,625,12,733.45
GDG-01253,Laptop,Apple,2022-04-01,16.3,8,512,5330,2236.7,High-End,macOS,0,4.8,427,12,2426.36
GDG-01254,Smartwatch,Apple,2026-03-14,2.0,1,32,444,78.0,Flagship,watchOS,0,4.1,1358,6,469.06
GDG-01255,Laptop,Asus,2022-10-28,16.8,32,256,8135,1470.2,Mid-Range,Windows,0,3.9,2630,12,1725.97
GDG-01256,Smartphone,OnePlus,2025-02-14,6.7,4,128,4974,185.0,Budget,Android,1,4.0,984,12,297.44
GDG-01257,Laptop,Lenovo,2025-03-01,15.6,32,512,6696,1887.8,Mid-Range,Windows,0,3.1,691,12,1764.69
GDG-01258,Smartphone,Google,2023-12-03,5.9,12,256,4435,226.2,Mid-Range,Android,0,3.8,1198,12,590.85
GDG-01259,Smartwatch,Apple,2022-05-19,1.6,1,16,422,84.1,High-End,watchOS,0,4.6,2141,12,326.2
GDG-01260,Tablet,Xiaomi,2021-03-22,11.8,4,256,10228,695.5,High-End,Android,1,4.7,2133,12,680.59
GDG-01261,Smartphone,OnePlus,2022-01-24,6.1,6,128,4315,230.8,Mid-Range,Android,1,3.1,1733,12,344.5
GDG-01262,Wireless Earbuds,Apple,2022-08-09,0.0,0,0,94,40.0,Mid-Range,Proprietary,0,4.4,965,6,162.65
GDG-01263,Smartphone,OnePlus,2022-08-26,6.5,12,256,3611,215.2,Mid-Range,Android,1,3.0,2218,24,634.26
GDG-01264,Smartphone,Apple,2023-08-08,6.7,8,64,4425,167.2,Mid-Range,iOS,1,4.0,621,12,588.11
GDG-01265,Smartphone,Google,2022-01-04,6.7,12,128,5420,231.5,High-End,Android,1,4.9,1970,12,764.22
GDG-01266,Smartphone,Xiaomi,2024-01-25,5.9,8,256,4346,185.9,High-End,Android,1,4.1,2855,12,775.22
GDG-01267,Laptop,Dell,2021-02-21,14.0,8,256,6917,2444.9,Mid-Range,Windows,1,3.7,1153,6,759.67
GDG-01268,Smartphone,Samsung,2021-07-04,6.1,6,256,4916,211.9,Flagship,Android,1,4.6,1135,12,1088.91
GDG-01269,Tablet,Apple,2024-12-28,13.3,6,128,7012,452.8,Mid-Range,iPadOS,1,3.7,121,6,755.99
GDG-01270,Smartphone,Samsung,2024-07-22,6.2,6,128,4572,216.6,Budget,Android,1,4.2,718,6,349.44
GDG-01271,Smartphone,Xiaomi,2023-11-14,6.5,4,512,3827,190.3,Flagship,Android,1,4.5,836,12,744.89
GDG-01272,Smartphone,OnePlus,2023-02-19,5.8,8,128,3849,233.0,Mid-Range,Android,1,4.6,2775,12,426.31
GDG-01273,Smartphone,Google,2024-09-12,6.7,6,128,3832,229.5,High-End,Android,1,4.5,3086,12,463.57
GDG-01274,Smartphone,Xiaomi,2022-01-02,6.6,6,256,3605,193.6,High-End,Android,1,4.0,55,12,530.18
GDG-01275,Tablet,Xiaomi,2022-09-26,12.9,8,128,9655,524.0,High-End,Android,0,3.6,1458,12,766.01
GDG-01276,Tablet,Apple,2026-01-15,9.1,4,64,7661,421.3,Budget,iPadOS,1,3.7,665,24,376.7
GDG-01277,Tablet,Lenovo,2021-01-26,11.2,8,64,10084,615.7,Budget,Android,0,4.1,1768,24,492.79
GDG-01278,Smartphone,Xiaomi,2025-12-13,6.3,4,128,3944,207.1,High-End,Android,1,4.3,419,12,598.02
GDG-01279,Smartphone,OnePlus,2023-09-02,6.3,6,256,4404,166.4,Budget,Android,1,3.9,8036,12,397.32
GDG-01280,Smartphone,Google,2022-05-17,6.8,12,512,4069,209.6,Mid-Range,Android,1,3.4,3636,6,807.89
GDG-01281,Smartphone,OnePlus,2025-08-18,6.0,6,512,3878,171.9,Budget,Android,1,3.2,931,12,511.38
GDG-01282,Smartphone,Samsung,2021-03-17,6.0,8,128,3566,213.4,Budget,Android,1,3.9,1708,6,416.2
GDG-01283,Laptop,Dell,2022-09-04,14.6,16,1024,4859,1173.5,Mid-Range,Windows,0,3.9,504,12,1330.27
GDG-01284,Wireless Earbuds,Samsung,2024-10-08,0.0,0,0,71,53.3,Flagship,Proprietary,0,5.0,5012,12,146.92
GDG-01285,Smartwatch,Samsung,2024-11-17,1.8,1,8,513,73.7,Mid-Range,WearOS,0,3.5,34,12,188.66
GDG-01286,Laptop,Lenovo,2021-12-30,17.2,16,256,7569,1968.4,Budget,Windows,0,4.1,462,12,882.98
GDG-01287,Tablet,Lenovo,2022-09-05,10.3,4,1024,9104,715.3,Budget,Android,1,3.6,1005,12,705.01
GDG-01288,Smartphone,Google,2025-09-24,6.4,8,512,4099,197.7,Mid-Range,Android,0,4.1,2548,24,570.93
GDG-01289,Wireless Earbuds,Samsung,2025-10-27,0.0,0,0,70,44.9,High-End,Proprietary,0,4.5,6243,6,98.96
GDG-01290,Smartphone,Samsung,2023-04-28,6.4,12,256,4925,176.7,Budget,Android,0,3.6,1700,12,586.67
GDG-01291,Wireless Earbuds,Sony,2024-03-16,0.0,0,0,115,50.9,Mid-Range,Proprietary,0,3.8,2050,24,127.65
GDG-01292,Laptop,Apple,2021-06-29,15.2,8,256,7320,2007.2,Mid-Range,macOS,0,3.5,5207,12,1290.92
GDG-01293,Smartphone,OnePlus,2024-12-18,6.1,8,128,4746,227.8,High-End,Android,1,4.4,1577,12,749.46
GDG-01294,Tablet,Apple,2022-06-16,11.6,8,128,11105,547.4,High-End,iPadOS,0,4.1,1346,12,1325.1
GDG-01295,Laptop,Apple,2024-02-27,15.3,8,512,7486,2047.8,High-End,macOS,0,3.8,248,12,1936.3
GDG-01296,Smartphone,OnePlus,2022-01-04,6.8,4,256,3976,216.7,Flagship,Android,1,3.9,884,12,691.71
GDG-01297,Smartphone,Google,2022-02-01,5.8,4,128,3549,197.2,Mid-Range,Android,1,3.9,265,24,385.91
GDG-01298,Smartphone,Samsung,2025-02-19,6.7,6,1024,5137,209.2,High-End,Android,1,4.5,2469,12,1404.24
GDG-01299,Tablet,Apple,2023-04-30,10.9,4,128,8734,545.9,Budget,iPadOS,1,4.1,4838,6,600.21
GDG-01300,Tablet,Lenovo,2022-03-11,8.4,12,512,7648,668.4,Flagship,Android,0,3.3,3713,24,1529.79
GDG-01301,Smartwatch,Xiaomi,2021-05-19,1.4,1,16,479,61.1,High-End,Proprietary,0,4.5,798,12,272.77
GDG-01302,Wireless Earbuds,Samsung,2025-04-20,0.0,0,0,35,38.4,Budget,Proprietary,0,3.7,1207,36,63.53
GDG-01303,Smartphone,OnePlus,2022-11-14,6.2,4,128,4983,205.5,Mid-Range,Android,1,3.6,168,12,330.44
GDG-01304,Smartphone,Google,2025-09-01,6.0,8,128,4176,226.7,Budget,Android,1,3.4,1001,12,317.99
GDG-01305,Smartwatch,Garmin,2023-09-09,1.9,1,16,238,66.2,Budget,Proprietary,0,3.7,2727,12,111.13
GDG-01306,Smartphone,Xiaomi,2023-09-14,6.0,8,128,4443,231.4,Flagship,Android,1,4.5,1831,12,914.19
GDG-01307,Laptop,Asus,2024-01-05,16.9,16,1024,6394,2276.0,High-End,Windows,0,4.3,161,6,1686.72
GDG-01308,Laptop,Dell,2025-09-07,15.4,16,512,6814,2187.4,High-End,Windows,0,4.9,484,24,1651.08
GDG-01309,Laptop,Dell,2022-03-03,15.6,16,256,5858,2299.3,High-End,Windows,0,3.8,261,24,1590.51
GDG-01310,Laptop,Dell,2021-11-02,14.4,8,256,4627,1608.7,Mid-Range,Windows,0,3.6,3117,24,1039.54
GDG-01311,Smartphone,OnePlus,2021-12-06,6.4,4,128,4297,175.0,Mid-Range,Android,0,4.2,125,12,332.77
GDG-01312,Smartphone,Google,2025-05-22,6.6,8,128,4944,228.6,Flagship,Android,1,3.6,739,24,849.24
GDG-01313,Smartphone,Apple,2024-12-24,5.8,6,256,4347,166.9,Mid-Range,iOS,1,4.2,2225,12,629.73
GDG-01314,Laptop,Apple,2023-02-01,15.1,16,512,8394,1553.9,Flagship,macOS,0,4.2,611,12,2907.51
GDG-01315,Smartphone,OnePlus,2021-12-25,5.9,4,64,5107,163.0,Mid-Range,Android,0,4.0,1490,12,382.62
GDG-01316,Smartphone,Samsung,2021-07-09,6.3,6,256,3551,223.9,Flagship,Android,1,4.1,1797,12,965.34
GDG-01317,Wireless Earbuds,Sony,2026-01-28,0.0,0,0,99,39.6,High-End,Proprietary,0,4.2,3872,12,197.83
GDG-01318,Tablet,Samsung,2022-11-28,14.1,6,128,10289,531.7,High-End,Android,0,4.1,2981,12,1026.66
GDG-01319,Smartwatch,Huawei,2025-04-25,1.9,1,8,484,67.9,Flagship,Proprietary,0,4.8,727,12,334.87
GDG-01320,Laptop,Apple,2025-01-23,13.4,8,256,6087,2170.5,Flagship,macOS,0,3.9,1690,12,2697.21
GDG-01321,Smartphone,OnePlus,2021-01-09,6.1,8,64,3590,215.0,Mid-Range,Android,1,4.1,6037,12,495.2
GDG-01322,Smartphone,Samsung,2021-06-28,6.2,12,256,5321,163.7,Mid-Range,Android,1,3.9,636,12,518.57
GDG-01323,Smartphone,Samsung,2024-09-11,6.6,6,128,3546,206.2,Budget,Android,1,4.5,1004,12,330.17
GDG-01324,Wireless Earbuds,Bose,2026-01-02,0.0,0,0,61,44.6,Mid-Range,Proprietary,0,3.7,266,12,126.81
GDG-01325,Smartphone,Samsung,2022-01-30,6.1,8,128,4590,185.5,Mid-Range,Android,1,3.6,81,6,590.16
GDG-01326,Laptop,HP,2021-08-29,14.4,8,256,5145,1510.5,Mid-Range,Linux,0,4.0,249,24,842.65
GDG-01327,Smartwatch,Huawei,2023-11-19,1.3,1,8,497,50.6,Budget,Proprietary,0,3.5,424,24,194.32
GDG-01328,Laptop,Dell,2022-10-15,14.4,8,512,8363,2156.5,Budget,Windows,0,3.6,6528,6,895.19
GDG-01329,Laptop,Lenovo,2021-05-26,14.5,32,1024,8154,1608.1,Mid-Range,Windows,0,3.6,216,12,1978.79
GDG-01330,Laptop,Asus,2023-08-23,16.9,64,512,4706,1258.9,Mid-Range,Linux,0,3.5,396,12,3310.09
GDG-01331,Smartphone,Xiaomi,2022-01-02,6.6,6,64,5325,207.4,High-End,Android,1,4.7,142,12,557.04
GDG-01332,Laptop,Dell,2025-09-09,16.1,16,512,6326,2024.5,Budget,Windows,0,3.6,688,12,983.25
GDG-01333,Smartphone,Xiaomi,2024-12-31,6.6,6,128,5157,202.7,Budget,Android,1,4.0,1066,12,358.63
GDG-01334,Wireless Earbuds,JBL,2025-03-28,0.0,0,0,94,52.0,High-End,Proprietary,0,4.8,16,12,101.56
GDG-01335,Smartphone,Samsung,2021-07-10,6.7,12,64,5383,215.9,Mid-Range,Android,0,3.8,1131,12,632.0
GDG-01336,Smartphone,Google,2022-09-28,6.6,8,256,4954,221.3,High-End,Android,1,4.1,3104,12,805.76
GDG-01337,Tablet,Apple,2023-08-22,9.8,6,128,7833,471.7,Mid-Range,iPadOS,1,4.1,462,12,777.16
GDG-01338,Tablet,Lenovo,2022-06-13,14.1,12,512,9211,486.0,Mid-Range,Android,1,3.8,1304,36,748.78
GDG-01339,Tablet,Lenovo,2022-11-08,13.3,6,128,8660,583.2,High-End,Android,0,3.7,868,36,850.02
GDG-01340,Wireless Earbuds,Apple,2023-09-01,0.0,0,0,49,45.5,Mid-Range,Proprietary,0,4.6,497,12,120.77
GDG-01341,Laptop,Apple,2023-08-03,16.7,16,512,5656,2251.9,Mid-Range,macOS,0,3.7,973,12,1719.71
GDG-01342,Laptop,Apple,2021-09-18,15.3,8,256,6161,2326.3,Budget,macOS,0,3.6,1173,12,1141.38
GDG-01343,Smartwatch,Xiaomi,2022-10-30,1.6,1,32,256,74.0,Budget,Proprietary,0,3.7,4225,12,136.95
GDG-01344,Smartwatch,Huawei,2023-12-28,1.6,2,16,522,53.9,Mid-Range,Proprietary,0,3.1,930,24,233.11
GDG-01345,Wireless Earbuds,Bose,2024-06-25,0.0,0,0,66,51.4,Budget,Proprietary,0,3.6,724,6,123.43
GDG-01346,Smartphone,Samsung,2023-09-15,6.2,8,128,4197,176.7,Mid-Range,Android,1,3.8,1169,24,550.03
GDG-01347,Laptop,Dell,2023-06-02,16.4,8,512,6283,1950.8,Flagship,Windows,0,3.9,1747,12,2115.43
GDG-01348,Smartphone,Xiaomi,2021-12-21,6.5,6,256,3659,219.1,High-End,Android,1,4.3,4827,12,593.47
GDG-01349,Laptop,Lenovo,2024-12-28,15.6,16,1024,6493,1271.5,Budget,Windows,0,4.2,1194,24,877.29
GDG-01350,Smartphone,Google,2021-07-19,6.7,6,256,3860,184.6,Mid-Range,Android,1,2.9,29,12,413.28
GDG-01351,Laptop,Dell,2024-05-10,13.7,64,256,7834,1994.6,Mid-Range,Windows,0,4.0,1888,24,2201.55
GDG-01352,Smartphone,Samsung,2024-08-13,6.5,4,128,3685,177.4,High-End,Android,1,3.8,2147,12,606.35
GDG-01353,Smartwatch,Garmin,2021-10-12,1.9,2,16,545,74.9,Budget,Proprietary,0,3.3,770,24,212.4
GDG-01354,Smartphone,Google,2025-03-31,6.0,4,512,3805,196.2,Budget,Android,0,3.9,965,36,407.74
GDG-01355,Laptop,Dell,2024-06-14,15.6,16,256,5301,1408.5,High-End,Windows,0,4.1,508,12,1932.18
GDG-01356,Smartphone,Google,2025-06-15,6.8,8,128,4123,233.5,Budget,Android,1,3.6,76,12,397.95
GDG-01357,Smartphone,Apple,2025-01-10,6.9,12,256,4205,239.2,Budget,iOS,1,4.1,1191,6,717.99
GDG-01358,Smartwatch,Apple,2024-06-06,2.0,1,16,426,76.9,Mid-Range,watchOS,0,3.5,735,36,280.07
GDG-01359,Smartphone,Samsung,2025-10-12,6.1,4,256,4256,232.1,Flagship,Android,1,3.8,1071,12,866.39
GDG-01360,Smartphone,Samsung,2021-04-19,5.8,8,256,4646,225.7,Mid-Range,Android,1,3.1,267,12,650.47
GDG-01361,Laptop,Lenovo,2025-10-30,14.4,64,512,4627,1452.9,Flagship,Windows,0,4.3,4307,12,4585.59
GDG-01362,Smartphone,Xiaomi,2022-10-14,6.6,8,256,4331,190.5,High-End,Android,1,4.4,3307,12,839.38
GDG-01363,Smartphone,Apple,2024-01-22,6.0,8,128,3855,198.0,Mid-Range,iOS,0,4.2,266,6,661.99
GDG-01364,Laptop,Apple,2023-02-27,16.7,64,512,5975,2359.9,Mid-Range,macOS,0,3.6,351,24,3386.95
GDG-01365,Laptop,HP,2025-11-23,16.0,8,256,5050,1117.4,Budget,Windows,0,3.8,1439,12,816.52
GDG-01366,Tablet,Lenovo,2025-12-18,11.4,6,256,9577,771.0,Mid-Range,Android,0,4.1,122,12,457.08
GDG-01367,Tablet,Apple,2021-10-09,12.3,8,1024,9406,729.7,Budget,iPadOS,1,4.2,351,12,995.69
GDG-01368,Smartphone,Google,2024-11-25,6.5,6,128,4371,209.9,High-End,Android,1,4.1,1373,12,573.88
GDG-01369,Laptop,Lenovo,2023-07-20,15.3,8,256,6761,2330.1,Mid-Range,Windows,0,3.9,312,6,1024.4
GDG-01370,Smartwatch,Samsung,2023-05-20,1.7,1,32,515,58.4,Budget,WearOS,0,4.0,506,12,186.89
GDG-01371,Smartphone,Samsung,2025-02-05,6.1,8,256,4527,181.5,Mid-Range,Android,1,3.8,462,12,758.32
GDG-01372,Smartwatch,Samsung,2024-03-26,1.5,4,16,239,62.1,Mid-Range,WearOS,0,4.1,5490,12,236.57
GDG-01373,Laptop,Lenovo,2024-12-14,14.8,16,2048,6876,1822.3,Mid-Range,Windows,0,3.3,82,24,1866.04
GDG-01374,Laptop,HP,2025-02-06,15.4,32,1024,8019,2575.5,Mid-Range,Windows,0,3.3,3727,12,1676.94
GDG-01375,Laptop,HP,2021-06-10,15.4,8,512,6998,1232.7,Mid-Range,Windows,0,4.1,1165,12,1081.29
GDG-01376,Smartphone,Samsung,2024-10-01,5.9,8,256,4797,203.1,Budget,Android,1,3.9,814,12,559.22
GDG-01377,Smartphone,OnePlus,2024-06-09,5.9,6,256,4203,202.8,Flagship,Android,1,4.4,432,24,961.74
GDG-01378,Smartphone,OnePlus,2021-01-23,6.3,8,256,4549,232.5,High-End,Android,1,4.4,2785,12,665.56
GDG-01379,Smartwatch,Garmin,2024-03-21,1.8,1,8,435,50.7,High-End,Proprietary,0,4.6,57,12,162.46
GDG-01380,Smartphone,OnePlus,2025-06-23,6.1,4,128,3843,162.8,Budget,Android,1,3.5,1398,12,287.88
GDG-01381,Smartwatch,Huawei,2025-03-15,1.4,2,16,508,45.8,High-End,Proprietary,0,4.1,53,12,249.61
GDG-01382,Laptop,Asus,2024-07-12,15.2,16,512,5192,1959.3,Mid-Range,Windows,0,3.7,599,12,1132.78
GDG-01383,Laptop,Asus,2025-02-19,15.8,32,512,5674,1827.1,High-End,Windows,0,4.1,1272,6,2459.34
GDG-01384,Smartphone,Apple,2025-05-25,6.1,8,256,3771,209.3,High-End,iOS,1,4.9,136,6,894.66
GDG-01385,Laptop,HP,2022-07-18,16.7,16,512,4558,2212.1,Mid-Range,Windows,1,3.9,305,12,1552.49
GDG-01386,Tablet,Lenovo,2025-02-22,9.3,6,1024,9658,553.1,High-End,Android,0,4.0,79,12,1068.93
GDG-01387,Smartwatch,Samsung,2025-05-22,1.8,2,64,468,41.6,Budget,WearOS,0,3.6,417,12,214.0
GDG-01388,Smartphone,Xiaomi,2023-12-17,6.7,12,128,4202,238.7,High-End,Android,1,3.6,1537,24,684.57
GDG-01389,Laptop,Lenovo,2021-10-25,15.7,8,1024,7865,1331.2,Mid-Range,Windows,1,4.2,145,6,1043.49
GDG-01390,Smartphone,Apple,2025-04-27,6.2,6,256,4853,195.2,Budget,iOS,1,3.5,1656,12,600.5
GDG-01391,Smartwatch,Huawei,2022-03-08,1.7,1,32,396,34.9,Mid-Range,Proprietary,0,4.1,303,12,245.21
GDG-01392,Smartphone,Samsung,2022-06-26,6.6,8,256,3737,164.2,Mid-Range,Android,1,3.9,2184,24,525.45
GDG-01393,Smartphone,Apple,2023-09-03,6.1,8,64,5028,235.9,Budget,iOS,1,3.6,1644,12,530.09
GDG-01394,Smartphone,Google,2022-04-24,6.2,6,128,4945,191.2,Mid-Range,Android,0,4.6,171,12,447.26
GDG-01395,Smartphone,Apple,2023-12-23,6.8,4,256,3524,183.1,Mid-Range,iOS,1,4.0,40,6,488.33
GDG-01396,Laptop,HP,2023-02-22,16.0,32,512,8439,1895.4,High-End,Windows,0,3.9,490,12,2093.74
GDG-01397,Smartphone,Xiaomi,2023-12-25,6.5,8,256,5458,227.5,Flagship,Android,1,4.3,563,12,1110.44
GDG-01398,Laptop,Asus,2024-06-04,17.0,8,256,8015,1508.9,Mid-Range,Windows,0,4.0,575,24,1142.17
GDG-01399,Smartphone,Apple,2022-06-07,6.5,8,128,4301,196.9,Budget,iOS,1,4.0,961,12,603.6
GDG-01400,Wireless Earbuds,Apple,2022-05-11,0.0,0,0,110,58.1,Budget,Proprietary,0,4.3,1154,24,147.71
GDG-01401,Smartphone,OnePlus,2023-12-01,6.2,6,512,4913,239.5,Mid-Range,Android,1,4.4,1382,24,574.68
GDG-01402,Smartphone,Google,2021-01-22,6.5,6,256,5203,165.4,Budget,Android,1,4.5,1424,12,345.05
GDG-01403,Wireless Earbuds,Bose,2023-12-12,0.0,0,0,48,55.6,Mid-Range,Proprietary,0,3.8,1678,12,56.48
GDG-01404,Smartphone,Google,2022-12-21,6.0,8,64,4080,180.2,Mid-Range,Android,0,3.8,2053,24,403.14
GDG-01405,Smartphone,Xiaomi,2024-06-22,5.9,8,128,5422,207.5,Mid-Range,Android,1,4.1,83,6,365.79
GDG-01406,Smartphone,OnePlus,2022-03-21,6.8,6,128,4806,169.7,Flagship,Android,1,3.7,303,12,897.85
GDG-01407,Tablet,Lenovo,2021-09-03,8.8,8,64,10953,466.8,Budget,Android,1,3.7,536,12,388.17
GDG-01408,Smartphone,Google,2026-01-17,6.5,6,256,5144,237.4,Mid-Range,Android,1,4.0,903,12,469.13
GDG-01409,Tablet,Xiaomi,2024-11-25,9.5,6,128,8413,588.1,Budget,Android,1,3.5,320,12,429.48
GDG-01410,Tablet,Lenovo,2024-08-01,11.2,6,128,8264,697.0,Mid-Range,Android,1,3.7,1287,24,512.49
GDG-01411,Wireless Earbuds,Bose,2024-09-29,0.0,0,0,76,42.7,Mid-Range,Proprietary,0,2.8,1826,12,130.08
GDG-01412,Smartphone,Xiaomi,2025-05-18,5.9,6,64,5091,165.0,High-End,Android,1,4.3,4055,12,437.02
GDG-01413,Laptop,Asus,2023-03-07,14.6,16,256,4746,1487.4,High-End,Windows,0,4.4,981,12,1762.58
GDG-01414,Smartphone,Samsung,2021-05-23,6.3,4,256,5401,176.1,Mid-Range,Android,1,4.4,1521,12,382.78
GDG-01415,Laptop,Asus,2024-08-14,15.3,32,1024,5089,1910.9,Mid-Range,Windows,0,4.6,2027,24,2106.81
GDG-01416,Tablet,Apple,2021-08-06,14.0,6,128,8121,457.2,Mid-Range,iPadOS,0,4.1,2205,12,773.56
GDG-01417,Laptop,HP,2024-03-16,16.2,8,512,7683,1768.8,High-End,Windows,0,4.5,547,12,1411.45
GDG-01418,Laptop,Lenovo,2024-08-04,13.3,16,1024,4654,2096.9,Mid-Range,Windows,0,4.4,107,12,1364.73
GDG-01419,Smartphone,OnePlus,2026-01-27,6.2,6,128,3507,201.2,Budget,Android,1,3.3,37,24,357.87
GDG-01420,Smartphone,Apple,2023-10-02,6.3,8,256,4327,227.5,High-End,iOS,1,3.7,53,12,1021.06
GDG-01421,Smartphone,Apple,2025-05-19,6.7,8,512,3643,203.2,Mid-Range,iOS,0,4.1,7597,6,839.34
GDG-01422,Smartphone,OnePlus,2024-11-12,6.7,4,128,4487,169.7,Budget,Android,1,3.6,1189,12,357.59
GDG-01423,Laptop,HP,2023-01-06,14.6,8,2048,5740,1700.9,High-End,Windows,1,4.3,57,12,1711.31
GDG-01424,Smartwatch,Samsung,2021-07-05,1.5,1,16,394,36.3,Budget,WearOS,0,3.7,165,12,192.59
GDG-01425,Smartwatch,Garmin,2023-07-31,1.8,1,64,368,66.3,High-End,Proprietary,0,3.9,1163,24,448.8
GDG-01426,Tablet,Xiaomi,2021-12-28,11.8,8,1024,9147,657.9,Budget,Android,0,3.3,1232,12,781.68
GDG-01427,Smartphone,OnePlus,2023-03-10,6.8,8,512,4791,215.1,Mid-Range,Android,1,3.5,1010,24,555.77
GDG-01428,Smartwatch,Xiaomi,2025-12-18,1.7,1,8,317,39.4,Mid-Range,Proprietary,0,3.6,367,12,135.1
GDG-01429,Smartphone,Apple,2022-01-31,5.8,6,256,4714,179.1,Mid-Range,iOS,1,3.5,745,12,774.41
GDG-01430,Laptop,Apple,2025-06-12,15.5,32,512,5760,1849.5,Flagship,macOS,1,4.4,1001,36,3931.94
GDG-01431,Laptop,Dell,2025-07-21,15.1,16,512,4567,1155.6,Flagship,Linux,0,3.8,1480,12,2192.8
GDG-01432,Smartphone,OnePlus,2021-03-29,6.2,8,128,3933,224.6,Mid-Range,Android,1,3.1,1144,12,518.36
GDG-01433,Tablet,Apple,2023-07-28,14.2,6,512,10395,473.6,Mid-Range,iPadOS,0,3.4,365,12,1168.07
GDG-01434,Smartphone,Samsung,2026-03-10,5.9,8,128,5006,171.3,Mid-Range,Android,1,3.6,543,12,468.71
GDG-01435,Smartphone,OnePlus,2023-08-24,6.8,8,128,4766,163.7,Budget,Android,1,3.0,2101,24,318.61
GDG-01436,Smartphone,OnePlus,2021-09-25,5.8,6,512,4795,164.0,Mid-Range,Android,1,3.2,129,12,591.65
GDG-01437,Laptop,HP,2025-06-14,13.7,8,512,7003,1356.0,Mid-Range,Windows,0,3.9,205,12,1063.63
GDG-01438,Tablet,Lenovo,2021-08-06,9.0,4,64,10874,707.7,Budget,Android,0,4.0,286,12,455.31
GDG-01439,Smartphone,Samsung,2025-07-06,6.0,8,1024,4190,224.9,Mid-Range,Android,1,3.7,157,12,935.66
GDG-01440,Wireless Earbuds,Apple,2024-10-21,0.0,0,0,86,44.7,Mid-Range,Proprietary,0,3.9,2049,12,163.09
GDG-01441,Laptop,Dell,2024-11-02,15.6,16,512,5062,1582.4,Budget,Windows,0,3.3,1473,12,1113.35
GDG-01442,Smartwatch,Garmin,2021-04-04,1.7,1,8,391,35.4,Budget,Proprietary,0,3.6,1004,12,95.31
GDG-01443,Laptop,Lenovo,2022-07-15,13.9,16,1024,6200,1352.1,High-End,Windows,0,3.6,1197,12,1647.88
GDG-01444,Wireless Earbuds,Apple,2022-05-14,0.0,0,0,109,36.2,Budget,Proprietary,0,3.3,2284,12,137.9
GDG-01445,Wireless Earbuds,Samsung,2021-07-24,0.0,0,0,115,53.4,Mid-Range,Proprietary,0,3.1,2083,6,113.64
GDG-01446,Smartphone,Samsung,2025-05-12,6.0,8,128,5301,199.0,Budget,Android,0,3.9,454,12,397.53
GDG-01447,Smartphone,Xiaomi,2022-01-03,6.8,8,128,4947,212.1,Mid-Range,Android,1,4.1,238,12,486.02
GDG-01448,Wireless Earbuds,Sony,2023-05-03,0.0,0,0,95,55.8,Mid-Range,Proprietary,0,3.3,2211,12,164.76
GDG-01449,Laptop,Dell,2022-02-27,13.9,32,512,5609,1884.6,High-End,Windows,1,3.6,1525,12,2176.11
GDG-01450,Smartphone,OnePlus,2024-06-04,6.6,8,64,4721,174.4,Mid-Range,Android,1,3.9,339,12,456.42
GDG-01451,Wireless Earbuds,Apple,2026-05-01,0.0,0,0,46,53.8,Budget,Proprietary,0,4.2,1360,12,107.52
GDG-01452,Smartphone,Apple,2025-05-22,6.1,8,128,4357,160.4,Mid-Range,iOS,0,3.9,2461,24,639.73
GDG-01453,Tablet,Lenovo,2021-08-29,14.5,4,64,6783,642.8,Mid-Range,Android,1,4.3,1339,12,478.3
GDG-01454,Laptop,Lenovo,2024-01-11,15.3,8,512,6401,2255.5,High-End,Windows,0,4.3,1247,36,1399.88
GDG-01455,Smartphone,Samsung,2022-02-01,5.9,12,256,3805,214.8,High-End,Android,1,3.8,579,12,919.88
GDG-01456,Smartwatch,Huawei,2026-02-10,1.6,2,16,310,40.5,Flagship,Proprietary,1,3.9,927,12,278.86
GDG-01457,Laptop,Dell,2021-04-21,15.9,16,1024,5667,1414.4,Budget,Windows,0,3.6,465,12,1236.08
GDG-01458,Laptop,Apple,2025-12-28,16.3,16,512,4677,1256.6,High-End,macOS,0,4.2,3239,12,2675.18
GDG-01459,Smartphone,OnePlus,2024-01-06,6.0,8,128,5108,162.3,Budget,Android,1,3.8,798,24,366.72
GDG-01460,Laptop,Apple,2021-05-26,16.9,16,1024,7454,1767.2,Mid-Range,macOS,0,3.3,1031,12,1700.69
GDG-01461,Smartwatch,Huawei,2023-05-09,1.4,1,32,566,79.6,Mid-Range,Proprietary,0,3.6,2343,12,278.46
GDG-01462,Smartphone,OnePlus,2022-04-17,6.7,6,64,4167,178.2,Budget,Android,0,4.3,434,12,308.02
GDG-01463,Smartphone,Samsung,2023-04-25,6.8,12,256,4269,231.3,Mid-Range,Android,0,4.1,372,12,695.07
GDG-01464,Smartphone,Samsung,2024-04-13,6.3,12,256,5323,194.9,Budget,Android,0,4.5,939,24,689.58
GDG-01465,Laptop,Apple,2024-06-02,15.1,16,1024,6086,1660.2,Mid-Range,macOS,0,3.9,1747,6,1950.46
GDG-01466,Smartphone,Samsung,2022-02-02,6.5,6,128,5497,181.6,Budget,Android,1,4.3,1602,12,463.24
GDG-01467,Laptop,Apple,2021-03-07,16.1,16,512,4744,1520.9,Flagship,macOS,0,4.7,1588,12,3073.54
GDG-01468,Smartphone,Google,2023-08-12,6.3,6,128,3850,220.8,Mid-Range,Android,0,3.3,2587,12,466.45
GDG-01469,Tablet,Apple,2022-08-28,12.1,8,256,11009,746.0,Mid-Range,iPadOS,0,4.5,1468,12,956.55
GDG-01470,Smartphone,OnePlus,2024-02-07,6.7,8,256,3677,192.9,Budget,Android,1,3.9,525,24,414.94
GDG-01471,Smartphone,Apple,2025-11-01,6.9,6,512,4711,197.9,Mid-Range,iOS,1,3.1,286,12,768.54
GDG-01472,Laptop,Apple,2021-01-30,16.2,16,256,7515,2408.9,Mid-Range,macOS,0,4.3,2058,12,1884.73
GDG-01473,Smartwatch,Xiaomi,2023-06-09,1.7,1,32,522,82.2,High-End,Proprietary,0,3.7,2161,6,277.26
GDG-01474,Smartphone,Google,2026-02-15,6.4,8,64,3510,193.4,Mid-Range,Android,0,3.7,481,12,416.78
GDG-01475,Smartphone,Google,2023-08-22,6.6,6,128,4532,162.7,High-End,Android,1,3.8,361,12,570.59
GDG-01476,Laptop,HP,2023-12-24,14.9,32,512,7816,2297.0,Budget,Windows,0,3.6,56,36,1458.66
GDG-01477,Tablet,Lenovo,2022-05-08,8.8,16,128,6101,669.5,High-End,Android,0,4.5,705,24,899.32
GDG-01478,Smartphone,Apple,2022-03-23,5.9,8,128,4105,179.1,Mid-Range,iOS,1,3.4,322,12,749.43
GDG-01479,Smartphone,Google,2021-02-02,6.3,8,256,4124,172.9,Mid-Range,Android,1,4.0,478,12,518.47
GDG-01480,Tablet,Lenovo,2024-03-14,13.0,8,64,6199,771.5,High-End,Android,0,5.0,3169,12,664.1
GDG-01481,Smartphone,Xiaomi,2021-10-11,6.8,12,256,4330,174.8,Flagship,Android,1,4.3,2503,6,999.75
GDG-01482,Smartphone,OnePlus,2025-11-20,6.2,4,512,4450,216.3,Mid-Range,Android,0,4.2,591,12,508.54
GDG-01483,Smartphone,Samsung,2024-07-08,5.9,12,256,5329,215.3,Budget,Android,1,4.0,183,24,623.32
GDG-01484,Tablet,Samsung,2022-08-31,11.0,6,256,8210,671.3,Mid-Range,Android,1,3.6,627,12,785.75
GDG-01485,Smartwatch,Xiaomi,2024-03-24,1.8,1,16,570,36.3,Budget,Proprietary,0,4.3,808,24,132.25
GDG-01486,Wireless Earbuds,JBL,2025-12-09,0.0,0,0,77,57.1,Flagship,Proprietary,0,3.9,1151,12,223.54
GDG-01487,Smartwatch,Xiaomi,2021-04-23,1.6,1,16,565,51.3,High-End,Proprietary,0,4.2,215,12,268.82
GDG-01488,Smartphone,Samsung,2021-04-16,5.9,6,128,4248,197.2,Flagship,Android,1,3.9,1132,12,909.35
GDG-01489,Smartphone,OnePlus,2021-03-25,6.2,6,128,3858,211.9,Budget,Android,1,3.8,207,12,299.5
GDG-01490,Smartwatch,Samsung,2024-02-23,1.8,2,8,324,39.3,Mid-Range,WearOS,0,3.5,160,12,158.71
GDG-01491,Tablet,Xiaomi,2022-11-17,9.8,6,128,6930,653.7,Mid-Range,Android,1,3.8,2694,36,498.66
GDG-01492,Smartphone,Xiaomi,2025-03-21,6.4,12,512,5464,216.2,Budget,Android,1,4.3,1480,12,755.81
GDG-01493,Smartphone,Xiaomi,2025-04-08,6.0,6,256,4222,231.8,Mid-Range,Android,1,4.1,1153,12,581.61
GDG-01494,Laptop,Dell,2023-05-17,14.4,64,256,4759,1659.2,High-End,Windows,0,4.5,1088,12,3333.12
GDG-01495,Laptop,Asus,2025-08-26,13.8,8,256,7407,1897.9,Mid-Range,Windows,1,4.1,1141,12,882.55
GDG-01496,Laptop,Lenovo,2023-07-15,15.8,8,256,7776,2110.0,Mid-Range,Windows,1,4.1,7378,24,1100.93
GDG-01497,Wireless Earbuds,Sony,2025-12-14,0.0,0,0,43,40.7,Flagship,Proprietary,0,4.6,2649,12,91.66
GDG-01498,Smartphone,Xiaomi,2025-12-16,6.3,4,128,3664,191.3,High-End,Android,1,3.8,607,6,401.66
GDG-01499,Laptop,Dell,2022-01-02,14.5,16,512,8418,1215.4,High-End,Windows,0,4.2,782,12,1693.82
GDG-01500,Tablet,Apple,2021-10-31,11.4,4,512,7673,607.4,Budget,iPadOS,1,4.2,845,12,835.87
